"Date","Source","Site ID","POC","Daily Mean PM10 Concentration","UNITS","DAILY_AQI_VALUE","Site Name","DAILY_OBS_COUNT","PERCENT_COMPLETE","AQS_PARAMETER_CODE","AQS_PARAMETER_DESC","CBSA_CODE","CBSA_NAME","STATE_CODE","STATE","COUNTY_CODE","COUNTY","SITE_LATITUDE","SITE_LONGITUDE"
"01/01/2016","AQS","110010043","4","8","ug/m3 SC","7","MCMILLAN  NCore-PAMS","1","100.0000","81102","PM10 Total 0-10um STP","47900","Washington-Arlington-Alexandria, DC-VA-MD-WV","11","District Of Columbia","001","District of Columbia","38.9218470009224","-77.013178"
"01/02/2016","AQS","110010043","4","11","ug/m3 SC","10","MCMILLAN  NCore-PAMS","1","100.0000","81102","PM10 Total 0-10um STP","47900","Washington-Arlington-Alexandria, DC-VA-MD-WV","11","District Of Columbia","001","District of Columbia","38.9218470009224","-77.013178"
"01/03/2016","AQS","110010043","4","13","ug/m3 SC","12","MCMILLAN  NCore-PAMS","1","100.0000","81102","PM10 Total 0-10um STP","47900","Washington-Arlington-Alexandria, DC-VA-MD-WV","11","District Of Columbia","001","District of Columbia","38.9218470009224","-77.013178"
"01/04/2016","AQS","110010043","4","6","ug/m3 SC","6","MCMILLAN  NCore-PAMS","1","100.0000","81102","PM10 Total 0-10um STP","47900","Washington-Arlington-Alexandria, DC-VA-MD-WV","11","District Of Columbia","001","District of Columbia","38.9218470009224","-77.013178"
"01/06/2016","AQS","110010043","4","30","ug/m3 SC","28","MCMILLAN  NCore-PAMS","1","100.0000","81102","PM10 Total 0-10um STP","47900","Washington-Arlington-Alexandria, DC-VA-MD-WV","11","District Of Columbia","001","District of Columbia","38.9218470009224","-77.013178"
"01/07/2016","AQS","110010043","4","33","ug/m3 SC","31","MCMILLAN  NCore-PAMS","1","100.0000","81102","PM10 Total 0-10um STP","47900","Washington-Arlington-Alexandria, DC-VA-MD-WV","11","District Of Columbia","001","District of Columbia","38.9218470009224","-77.013178"
"01/08/2016","AQS","110010043","4","26","ug/m3 SC","24","MCMILLAN  NCore-PAMS","1","100.0000","81102","PM10 Total 0-10um STP","47900","Washington-Arlington-Alexandria, DC-VA-MD-WV","11","District Of Columbia","001","District of Columbia","38.9218470009224","-77.013178"
"01/09/2016","AQS","110010043","4","30","ug/m3 SC","28","MCMILLAN  NCore-PAMS","1","100.0000","81102","PM10 Total 0-10um STP","47900","Washington-Arlington-Alexandria, DC-VA-MD-WV","11","District Of Columbia","001","District of Columbia","38.9218470009224","-77.013178"
"01/10/2016","AQS","110010043","4","2","ug/m3 SC","2","MCMILLAN  NCore-PAMS","1","100.0000","81102","PM10 Total 0-10um STP","47900","Washington-Arlington-Alexandria, DC-VA-MD-WV","11","District Of Columbia","001","District of Columbia","38.9218470009224","-77.013178"
"01/11/2016","AQS","110010043","4","5","ug/m3 SC","5","MCMILLAN  NCore-PAMS","1","100.0000","81102","PM10 Total 0-10um STP","47900","Washington-Arlington-Alexandria, DC-VA-MD-WV","11","District Of Columbia","001","District of Columbia","38.9218470009224","-77.013178"
"01/12/2016","AQS","110010043","4","14","ug/m3 SC","13","MCMILLAN  NCore-PAMS","1","100.0000","81102","PM10 Total 0-10um STP","47900","Washington-Arlington-Alexandria, DC-VA-MD-WV","11","District Of Columbia","001","District of Columbia","38.9218470009224","-77.013178"
"01/13/2016","AQS","110010043","4","12","ug/m3 SC","11","MCMILLAN  NCore-PAMS","1","100.0000","81102","PM10 Total 0-10um STP","47900","Washington-Arlington-Alexandria, DC-VA-MD-WV","11","District Of Columbia","001","District of Columbia","38.9218470009224","-77.013178"
"01/14/2016","AQS","110010043","4","19","ug/m3 SC","18","MCMILLAN  NCore-PAMS","1","100.0000","81102","PM10 Total 0-10um STP","47900","Washington-Arlington-Alexandria, DC-VA-MD-WV","11","District Of Columbia","001","District of Columbia","38.9218470009224","-77.013178"
"01/15/2016","AQS","110010043","4","21","ug/m3 SC","19","MCMILLAN  NCore-PAMS","1","100.0000","81102","PM10 Total 0-10um STP","47900","Washington-Arlington-Alexandria, DC-VA-MD-WV","11","District Of Columbia","001","District of Columbia","38.9218470009224","-77.013178"
"01/16/2016","AQS","110010043","4","11","ug/m3 SC","10","MCMILLAN  NCore-PAMS","1","100.0000","81102","PM10 Total 0-10um STP","47900","Washington-Arlington-Alexandria, DC-VA-MD-WV","11","District Of Columbia","001","District of Columbia","38.9218470009224","-77.013178"
"01/17/2016","AQS","110010043","4","9","ug/m3 SC","8","MCMILLAN  NCore-PAMS","1","100.0000","81102","PM10 Total 0-10um STP","47900","Washington-Arlington-Alexandria, DC-VA-MD-WV","11","District Of Columbia","001","District of Columbia","38.9218470009224","-77.013178"
"01/18/2016","AQS","110010043","4","8","ug/m3 SC","7","MCMILLAN  NCore-PAMS","1","100.0000","81102","PM10 Total 0-10um STP","47900","Washington-Arlington-Alexandria, DC-VA-MD-WV","11","District Of Columbia","001","District of Columbia","38.9218470009224","-77.013178"
"01/19/2016","AQS","110010043","4","12","ug/m3 SC","11","MCMILLAN  NCore-PAMS","1","100.0000","81102","PM10 Total 0-10um STP","47900","Washington-Arlington-Alexandria, DC-VA-MD-WV","11","District Of Columbia","001","District of Columbia","38.9218470009224","-77.013178"
"01/20/2016","AQS","110010043","4","18","ug/m3 SC","17","MCMILLAN  NCore-PAMS","1","100.0000","81102","PM10 Total 0-10um STP","47900","Washington-Arlington-Alexandria, DC-VA-MD-WV","11","District Of Columbia","001","District of Columbia","38.9218470009224","-77.013178"
"01/21/2016","AQS","110010043","4","21","ug/m3 SC","19","MCMILLAN  NCore-PAMS","1","100.0000","81102","PM10 Total 0-10um STP","47900","Washington-Arlington-Alexandria, DC-VA-MD-WV","11","District Of Columbia","001","District of Columbia","38.9218470009224","-77.013178"
"01/22/2016","AQS","110010043","4","19","ug/m3 SC","18","MCMILLAN  NCore-PAMS","1","100.0000","81102","PM10 Total 0-10um STP","47900","Washington-Arlington-Alexandria, DC-VA-MD-WV","11","District Of Columbia","001","District of Columbia","38.9218470009224","-77.013178"
"01/23/2016","AQS","110010043","4","7","ug/m3 SC","6","MCMILLAN  NCore-PAMS","1","100.0000","81102","PM10 Total 0-10um STP","47900","Washington-Arlington-Alexandria, DC-VA-MD-WV","11","District Of Columbia","001","District of Columbia","38.9218470009224","-77.013178"
"01/24/2016","AQS","110010043","4","17","ug/m3 SC","16","MCMILLAN  NCore-PAMS","1","100.0000","81102","PM10 Total 0-10um STP","47900","Washington-Arlington-Alexandria, DC-VA-MD-WV","11","District Of Columbia","001","District of Columbia","38.9218470009224","-77.013178"
"01/25/2016","AQS","110010043","4","41","ug/m3 SC","38","MCMILLAN  NCore-PAMS","1","100.0000","81102","PM10 Total 0-10um STP","47900","Washington-Arlington-Alexandria, DC-VA-MD-WV","11","District Of Columbia","001","District of Columbia","38.9218470009224","-77.013178"
"01/26/2016","AQS","110010043","4","21","ug/m3 SC","19","MCMILLAN  NCore-PAMS","1","100.0000","81102","PM10 Total 0-10um STP","47900","Washington-Arlington-Alexandria, DC-VA-MD-WV","11","District Of Columbia","001","District of Columbia","38.9218470009224","-77.013178"
"01/27/2016","AQS","110010043","4","10","ug/m3 SC","9","MCMILLAN  NCore-PAMS","1","100.0000","81102","PM10 Total 0-10um STP","47900","Washington-Arlington-Alexandria, DC-VA-MD-WV","11","District Of Columbia","001","District of Columbia","38.9218470009224","-77.013178"
"01/28/2016","AQS","110010043","4","26","ug/m3 SC","24","MCMILLAN  NCore-PAMS","1","100.0000","81102","PM10 Total 0-10um STP","47900","Washington-Arlington-Alexandria, DC-VA-MD-WV","11","District Of Columbia","001","District of Columbia","38.9218470009224","-77.013178"
"01/29/2016","AQS","110010043","4","13","ug/m3 SC","12","MCMILLAN  NCore-PAMS","1","100.0000","81102","PM10 Total 0-10um STP","47900","Washington-Arlington-Alexandria, DC-VA-MD-WV","11","District Of Columbia","001","District of Columbia","38.9218470009224","-77.013178"
"01/30/2016","AQS","110010043","4","16","ug/m3 SC","15","MCMILLAN  NCore-PAMS","1","100.0000","81102","PM10 Total 0-10um STP","47900","Washington-Arlington-Alexandria, DC-VA-MD-WV","11","District Of Columbia","001","District of Columbia","38.9218470009224","-77.013178"
"01/31/2016","AQS","110010043","4","18","ug/m3 SC","17","MCMILLAN  NCore-PAMS","1","100.0000","81102","PM10 Total 0-10um STP","47900","Washington-Arlington-Alexandria, DC-VA-MD-WV","11","District Of Columbia","001","District of Columbia","38.9218470009224","-77.013178"
"02/01/2016","AQS","110010043","4","14","ug/m3 SC","13","MCMILLAN  NCore-PAMS","1","100.0000","81102","PM10 Total 0-10um STP","47900","Washington-Arlington-Alexandria, DC-VA-MD-WV","11","District Of Columbia","001","District of Columbia","38.9218470009224","-77.013178"
"02/02/2016","AQS","110010043","4","11","ug/m3 SC","10","MCMILLAN  NCore-PAMS","1","100.0000","81102","PM10 Total 0-10um STP","47900","Washington-Arlington-Alexandria, DC-VA-MD-WV","11","District Of Columbia","001","District of Columbia","38.9218470009224","-77.013178"
"02/03/2016","AQS","110010043","4","12","ug/m3 SC","11","MCMILLAN  NCore-PAMS","1","100.0000","81102","PM10 Total 0-10um STP","47900","Washington-Arlington-Alexandria, DC-VA-MD-WV","11","District Of Columbia","001","District of Columbia","38.9218470009224","-77.013178"
"02/04/2016","AQS","110010043","4","14","ug/m3 SC","13","MCMILLAN  NCore-PAMS","1","100.0000","81102","PM10 Total 0-10um STP","47900","Washington-Arlington-Alexandria, DC-VA-MD-WV","11","District Of Columbia","001","District of Columbia","38.9218470009224","-77.013178"
"02/05/2016","AQS","110010043","4","10","ug/m3 SC","9","MCMILLAN  NCore-PAMS","1","100.0000","81102","PM10 Total 0-10um STP","47900","Washington-Arlington-Alexandria, DC-VA-MD-WV","11","District Of Columbia","001","District of Columbia","38.9218470009224","-77.013178"
"02/06/2016","AQS","110010043","4","21","ug/m3 SC","19","MCMILLAN  NCore-PAMS","1","100.0000","81102","PM10 Total 0-10um STP","47900","Washington-Arlington-Alexandria, DC-VA-MD-WV","11","District Of Columbia","001","District of Columbia","38.9218470009224","-77.013178"
"02/07/2016","AQS","110010043","4","21","ug/m3 SC","19","MCMILLAN  NCore-PAMS","1","100.0000","81102","PM10 Total 0-10um STP","47900","Washington-Arlington-Alexandria, DC-VA-MD-WV","11","District Of Columbia","001","District of Columbia","38.9218470009224","-77.013178"
"02/08/2016","AQS","110010043","4","20","ug/m3 SC","19","MCMILLAN  NCore-PAMS","1","100.0000","81102","PM10 Total 0-10um STP","47900","Washington-Arlington-Alexandria, DC-VA-MD-WV","11","District Of Columbia","001","District of Columbia","38.9218470009224","-77.013178"
"02/09/2016","AQS","110010043","4","7","ug/m3 SC","6","MCMILLAN  NCore-PAMS","1","100.0000","81102","PM10 Total 0-10um STP","47900","Washington-Arlington-Alexandria, DC-VA-MD-WV","11","District Of Columbia","001","District of Columbia","38.9218470009224","-77.013178"
"02/10/2016","AQS","110010043","4","11","ug/m3 SC","10","MCMILLAN  NCore-PAMS","1","100.0000","81102","PM10 Total 0-10um STP","47900","Washington-Arlington-Alexandria, DC-VA-MD-WV","11","District Of Columbia","001","District of Columbia","38.9218470009224","-77.013178"
"02/11/2016","AQS","110010043","4","11","ug/m3 SC","10","MCMILLAN  NCore-PAMS","1","100.0000","81102","PM10 Total 0-10um STP","47900","Washington-Arlington-Alexandria, DC-VA-MD-WV","11","District Of Columbia","001","District of Columbia","38.9218470009224","-77.013178"
"02/12/2016","AQS","110010043","4","16","ug/m3 SC","15","MCMILLAN  NCore-PAMS","1","100.0000","81102","PM10 Total 0-10um STP","47900","Washington-Arlington-Alexandria, DC-VA-MD-WV","11","District Of Columbia","001","District of Columbia","38.9218470009224","-77.013178"
"02/13/2016","AQS","110010043","4","12","ug/m3 SC","11","MCMILLAN  NCore-PAMS","1","100.0000","81102","PM10 Total 0-10um STP","47900","Washington-Arlington-Alexandria, DC-VA-MD-WV","11","District Of Columbia","001","District of Columbia","38.9218470009224","-77.013178"
"02/14/2016","AQS","110010043","4","10","ug/m3 SC","9","MCMILLAN  NCore-PAMS","1","100.0000","81102","PM10 Total 0-10um STP","47900","Washington-Arlington-Alexandria, DC-VA-MD-WV","11","District Of Columbia","001","District of Columbia","38.9218470009224","-77.013178"
"02/15/2016","AQS","110010043","4","10","ug/m3 SC","9","MCMILLAN  NCore-PAMS","1","100.0000","81102","PM10 Total 0-10um STP","47900","Washington-Arlington-Alexandria, DC-VA-MD-WV","11","District Of Columbia","001","District of Columbia","38.9218470009224","-77.013178"
"02/16/2016","AQS","110010043","4","10","ug/m3 SC","9","MCMILLAN  NCore-PAMS","1","100.0000","81102","PM10 Total 0-10um STP","47900","Washington-Arlington-Alexandria, DC-VA-MD-WV","11","District Of Columbia","001","District of Columbia","38.9218470009224","-77.013178"
"02/17/2016","AQS","110010043","4","13","ug/m3 SC","12","MCMILLAN  NCore-PAMS","1","100.0000","81102","PM10 Total 0-10um STP","47900","Washington-Arlington-Alexandria, DC-VA-MD-WV","11","District Of Columbia","001","District of Columbia","38.9218470009224","-77.013178"
"02/18/2016","AQS","110010043","4","15","ug/m3 SC","14","MCMILLAN  NCore-PAMS","1","100.0000","81102","PM10 Total 0-10um STP","47900","Washington-Arlington-Alexandria, DC-VA-MD-WV","11","District Of Columbia","001","District of Columbia","38.9218470009224","-77.013178"
"02/19/2016","AQS","110010043","4","19","ug/m3 SC","18","MCMILLAN  NCore-PAMS","1","100.0000","81102","PM10 Total 0-10um STP","47900","Washington-Arlington-Alexandria, DC-VA-MD-WV","11","District Of Columbia","001","District of Columbia","38.9218470009224","-77.013178"
"02/20/2016","AQS","110010043","4","21","ug/m3 SC","19","MCMILLAN  NCore-PAMS","1","100.0000","81102","PM10 Total 0-10um STP","47900","Washington-Arlington-Alexandria, DC-VA-MD-WV","11","District Of Columbia","001","District of Columbia","38.9218470009224","-77.013178"
"02/21/2016","AQS","110010043","4","25","ug/m3 SC","23","MCMILLAN  NCore-PAMS","1","100.0000","81102","PM10 Total 0-10um STP","47900","Washington-Arlington-Alexandria, DC-VA-MD-WV","11","District Of Columbia","001","District of Columbia","38.9218470009224","-77.013178"
"02/22/2016","AQS","110010043","4","14","ug/m3 SC","13","MCMILLAN  NCore-PAMS","1","100.0000","81102","PM10 Total 0-10um STP","47900","Washington-Arlington-Alexandria, DC-VA-MD-WV","11","District Of Columbia","001","District of Columbia","38.9218470009224","-77.013178"
"02/23/2016","AQS","110010043","4","8","ug/m3 SC","7","MCMILLAN  NCore-PAMS","1","100.0000","81102","PM10 Total 0-10um STP","47900","Washington-Arlington-Alexandria, DC-VA-MD-WV","11","District Of Columbia","001","District of Columbia","38.9218470009224","-77.013178"
"02/24/2016","AQS","110010043","4","6","ug/m3 SC","6","MCMILLAN  NCore-PAMS","1","100.0000","81102","PM10 Total 0-10um STP","47900","Washington-Arlington-Alexandria, DC-VA-MD-WV","11","District Of Columbia","001","District of Columbia","38.9218470009224","-77.013178"
"02/25/2016","AQS","110010043","4","4","ug/m3 SC","4","MCMILLAN  NCore-PAMS","1","100.0000","81102","PM10 Total 0-10um STP","47900","Washington-Arlington-Alexandria, DC-VA-MD-WV","11","District Of Columbia","001","District of Columbia","38.9218470009224","-77.013178"
"02/26/2016","AQS","110010043","4","5","ug/m3 SC","5","MCMILLAN  NCore-PAMS","1","100.0000","81102","PM10 Total 0-10um STP","47900","Washington-Arlington-Alexandria, DC-VA-MD-WV","11","District Of Columbia","001","District of Columbia","38.9218470009224","-77.013178"
"02/27/2016","AQS","110010043","4","11","ug/m3 SC","10","MCMILLAN  NCore-PAMS","1","100.0000","81102","PM10 Total 0-10um STP","47900","Washington-Arlington-Alexandria, DC-VA-MD-WV","11","District Of Columbia","001","District of Columbia","38.9218470009224","-77.013178"
"02/28/2016","AQS","110010043","4","14","ug/m3 SC","13","MCMILLAN  NCore-PAMS","1","100.0000","81102","PM10 Total 0-10um STP","47900","Washington-Arlington-Alexandria, DC-VA-MD-WV","11","District Of Columbia","001","District of Columbia","38.9218470009224","-77.013178"
"02/29/2016","AQS","110010043","4","11","ug/m3 SC","10","MCMILLAN  NCore-PAMS","1","100.0000","81102","PM10 Total 0-10um STP","47900","Washington-Arlington-Alexandria, DC-VA-MD-WV","11","District Of Columbia","001","District of Columbia","38.9218470009224","-77.013178"
"03/01/2016","AQS","110010043","4","19","ug/m3 SC","18","MCMILLAN  NCore-PAMS","1","100.0000","81102","PM10 Total 0-10um STP","47900","Washington-Arlington-Alexandria, DC-VA-MD-WV","11","District Of Columbia","001","District of Columbia","38.9218470009224","-77.013178"
"03/02/2016","AQS","110010043","4","6","ug/m3 SC","6","MCMILLAN  NCore-PAMS","1","100.0000","81102","PM10 Total 0-10um STP","47900","Washington-Arlington-Alexandria, DC-VA-MD-WV","11","District Of Columbia","001","District of Columbia","38.9218470009224","-77.013178"
"03/03/2016","AQS","110010043","4","15","ug/m3 SC","14","MCMILLAN  NCore-PAMS","1","100.0000","81102","PM10 Total 0-10um STP","47900","Washington-Arlington-Alexandria, DC-VA-MD-WV","11","District Of Columbia","001","District of Columbia","38.9218470009224","-77.013178"
"03/04/2016","AQS","110010043","4","16","ug/m3 SC","15","MCMILLAN  NCore-PAMS","1","100.0000","81102","PM10 Total 0-10um STP","47900","Washington-Arlington-Alexandria, DC-VA-MD-WV","11","District Of Columbia","001","District of Columbia","38.9218470009224","-77.013178"
"03/05/2016","AQS","110010043","4","20","ug/m3 SC","19","MCMILLAN  NCore-PAMS","1","100.0000","81102","PM10 Total 0-10um STP","47900","Washington-Arlington-Alexandria, DC-VA-MD-WV","11","District Of Columbia","001","District of Columbia","38.9218470009224","-77.013178"
"03/06/2016","AQS","110010043","4","22","ug/m3 SC","20","MCMILLAN  NCore-PAMS","1","100.0000","81102","PM10 Total 0-10um STP","47900","Washington-Arlington-Alexandria, DC-VA-MD-WV","11","District Of Columbia","001","District of Columbia","38.9218470009224","-77.013178"
"03/09/2016","AQS","110010043","4","25","ug/m3 SC","23","MCMILLAN  NCore-PAMS","1","100.0000","81102","PM10 Total 0-10um STP","47900","Washington-Arlington-Alexandria, DC-VA-MD-WV","11","District Of Columbia","001","District of Columbia","38.9218470009224","-77.013178"
"03/10/2016","AQS","110010043","4","26","ug/m3 SC","24","MCMILLAN  NCore-PAMS","1","100.0000","81102","PM10 Total 0-10um STP","47900","Washington-Arlington-Alexandria, DC-VA-MD-WV","11","District Of Columbia","001","District of Columbia","38.9218470009224","-77.013178"
"03/12/2016","AQS","110010043","4","17","ug/m3 SC","16","MCMILLAN  NCore-PAMS","1","100.0000","81102","PM10 Total 0-10um STP","47900","Washington-Arlington-Alexandria, DC-VA-MD-WV","11","District Of Columbia","001","District of Columbia","38.9218470009224","-77.013178"
"03/13/2016","AQS","110010043","4","19","ug/m3 SC","18","MCMILLAN  NCore-PAMS","1","100.0000","81102","PM10 Total 0-10um STP","47900","Washington-Arlington-Alexandria, DC-VA-MD-WV","11","District Of Columbia","001","District of Columbia","38.9218470009224","-77.013178"
"03/14/2016","AQS","110010043","4","16","ug/m3 SC","15","MCMILLAN  NCore-PAMS","1","100.0000","81102","PM10 Total 0-10um STP","47900","Washington-Arlington-Alexandria, DC-VA-MD-WV","11","District Of Columbia","001","District of Columbia","38.9218470009224","-77.013178"
"03/15/2016","AQS","110010043","4","10","ug/m3 SC","9","MCMILLAN  NCore-PAMS","1","100.0000","81102","PM10 Total 0-10um STP","47900","Washington-Arlington-Alexandria, DC-VA-MD-WV","11","District Of Columbia","001","District of Columbia","38.9218470009224","-77.013178"
"03/16/2016","AQS","110010043","4","17","ug/m3 SC","16","MCMILLAN  NCore-PAMS","1","100.0000","81102","PM10 Total 0-10um STP","47900","Washington-Arlington-Alexandria, DC-VA-MD-WV","11","District Of Columbia","001","District of Columbia","38.9218470009224","-77.013178"
"03/17/2016","AQS","110010043","4","14","ug/m3 SC","13","MCMILLAN  NCore-PAMS","1","100.0000","81102","PM10 Total 0-10um STP","47900","Washington-Arlington-Alexandria, DC-VA-MD-WV","11","District Of Columbia","001","District of Columbia","38.9218470009224","-77.013178"
"03/18/2016","AQS","110010043","4","10","ug/m3 SC","9","MCMILLAN  NCore-PAMS","1","100.0000","81102","PM10 Total 0-10um STP","47900","Washington-Arlington-Alexandria, DC-VA-MD-WV","11","District Of Columbia","001","District of Columbia","38.9218470009224","-77.013178"
"03/19/2016","AQS","110010043","4","8","ug/m3 SC","7","MCMILLAN  NCore-PAMS","1","100.0000","81102","PM10 Total 0-10um STP","47900","Washington-Arlington-Alexandria, DC-VA-MD-WV","11","District Of Columbia","001","District of Columbia","38.9218470009224","-77.013178"
"03/20/2016","AQS","110010043","4","15","ug/m3 SC","14","MCMILLAN  NCore-PAMS","1","100.0000","81102","PM10 Total 0-10um STP","47900","Washington-Arlington-Alexandria, DC-VA-MD-WV","11","District Of Columbia","001","District of Columbia","38.9218470009224","-77.013178"
"03/21/2016","AQS","110010043","4","12","ug/m3 SC","11","MCMILLAN  NCore-PAMS","1","100.0000","81102","PM10 Total 0-10um STP","47900","Washington-Arlington-Alexandria, DC-VA-MD-WV","11","District Of Columbia","001","District of Columbia","38.9218470009224","-77.013178"
"03/22/2016","AQS","110010043","4","22","ug/m3 SC","20","MCMILLAN  NCore-PAMS","1","100.0000","81102","PM10 Total 0-10um STP","47900","Washington-Arlington-Alexandria, DC-VA-MD-WV","11","District Of Columbia","001","District of Columbia","38.9218470009224","-77.013178"
"03/23/2016","AQS","110010043","4","20","ug/m3 SC","19","MCMILLAN  NCore-PAMS","1","100.0000","81102","PM10 Total 0-10um STP","47900","Washington-Arlington-Alexandria, DC-VA-MD-WV","11","District Of Columbia","001","District of Columbia","38.9218470009224","-77.013178"
"03/24/2016","AQS","110010043","4","25","ug/m3 SC","23","MCMILLAN  NCore-PAMS","1","100.0000","81102","PM10 Total 0-10um STP","47900","Washington-Arlington-Alexandria, DC-VA-MD-WV","11","District Of Columbia","001","District of Columbia","38.9218470009224","-77.013178"
"03/25/2016","AQS","110010043","4","14","ug/m3 SC","13","MCMILLAN  NCore-PAMS","1","100.0000","81102","PM10 Total 0-10um STP","47900","Washington-Arlington-Alexandria, DC-VA-MD-WV","11","District Of Columbia","001","District of Columbia","38.9218470009224","-77.013178"
"03/26/2016","AQS","110010043","4","11","ug/m3 SC","10","MCMILLAN  NCore-PAMS","1","100.0000","81102","PM10 Total 0-10um STP","47900","Washington-Arlington-Alexandria, DC-VA-MD-WV","11","District Of Columbia","001","District of Columbia","38.9218470009224","-77.013178"
"03/27/2016","AQS","110010043","4","17","ug/m3 SC","16","MCMILLAN  NCore-PAMS","1","100.0000","81102","PM10 Total 0-10um STP","47900","Washington-Arlington-Alexandria, DC-VA-MD-WV","11","District Of Columbia","001","District of Columbia","38.9218470009224","-77.013178"
"03/28/2016","AQS","110010043","4","5","ug/m3 SC","5","MCMILLAN  NCore-PAMS","1","100.0000","81102","PM10 Total 0-10um STP","47900","Washington-Arlington-Alexandria, DC-VA-MD-WV","11","District Of Columbia","001","District of Columbia","38.9218470009224","-77.013178"
"03/29/2016","AQS","110010043","4","4","ug/m3 SC","4","MCMILLAN  NCore-PAMS","1","100.0000","81102","PM10 Total 0-10um STP","47900","Washington-Arlington-Alexandria, DC-VA-MD-WV","11","District Of Columbia","001","District of Columbia","38.9218470009224","-77.013178"
"03/30/2016","AQS","110010043","4","15","ug/m3 SC","14","MCMILLAN  NCore-PAMS","1","100.0000","81102","PM10 Total 0-10um STP","47900","Washington-Arlington-Alexandria, DC-VA-MD-WV","11","District Of Columbia","001","District of Columbia","38.9218470009224","-77.013178"
"03/31/2016","AQS","110010043","4","18","ug/m3 SC","17","MCMILLAN  NCore-PAMS","1","100.0000","81102","PM10 Total 0-10um STP","47900","Washington-Arlington-Alexandria, DC-VA-MD-WV","11","District Of Columbia","001","District of Columbia","38.9218470009224","-77.013178"
"04/01/2016","AQS","110010043","4","9","ug/m3 SC","8","MCMILLAN  NCore-PAMS","1","100.0000","81102","PM10 Total 0-10um STP","47900","Washington-Arlington-Alexandria, DC-VA-MD-WV","11","District Of Columbia","001","District of Columbia","38.9218470009224","-77.013178"
"04/02/2016","AQS","110010043","4","8","ug/m3 SC","7","MCMILLAN  NCore-PAMS","1","100.0000","81102","PM10 Total 0-10um STP","47900","Washington-Arlington-Alexandria, DC-VA-MD-WV","11","District Of Columbia","001","District of Columbia","38.9218470009224","-77.013178"
"04/03/2016","AQS","110010043","4","5","ug/m3 SC","5","MCMILLAN  NCore-PAMS","1","100.0000","81102","PM10 Total 0-10um STP","47900","Washington-Arlington-Alexandria, DC-VA-MD-WV","11","District Of Columbia","001","District of Columbia","38.9218470009224","-77.013178"
"04/04/2016","AQS","110010043","4","11","ug/m3 SC","10","MCMILLAN  NCore-PAMS","1","100.0000","81102","PM10 Total 0-10um STP","47900","Washington-Arlington-Alexandria, DC-VA-MD-WV","11","District Of Columbia","001","District of Columbia","38.9218470009224","-77.013178"
"04/05/2016","AQS","110010043","4","9","ug/m3 SC","8","MCMILLAN  NCore-PAMS","1","100.0000","81102","PM10 Total 0-10um STP","47900","Washington-Arlington-Alexandria, DC-VA-MD-WV","11","District Of Columbia","001","District of Columbia","38.9218470009224","-77.013178"
"04/06/2016","AQS","110010043","4","22","ug/m3 SC","20","MCMILLAN  NCore-PAMS","1","100.0000","81102","PM10 Total 0-10um STP","47900","Washington-Arlington-Alexandria, DC-VA-MD-WV","11","District Of Columbia","001","District of Columbia","38.9218470009224","-77.013178"
"04/07/2016","AQS","110010043","4","7","ug/m3 SC","6","MCMILLAN  NCore-PAMS","1","100.0000","81102","PM10 Total 0-10um STP","47900","Washington-Arlington-Alexandria, DC-VA-MD-WV","11","District Of Columbia","001","District of Columbia","38.9218470009224","-77.013178"
"04/08/2016","AQS","110010043","4","5","ug/m3 SC","5","MCMILLAN  NCore-PAMS","1","100.0000","81102","PM10 Total 0-10um STP","47900","Washington-Arlington-Alexandria, DC-VA-MD-WV","11","District Of Columbia","001","District of Columbia","38.9218470009224","-77.013178"
"04/09/2016","AQS","110010043","4","6","ug/m3 SC","6","MCMILLAN  NCore-PAMS","1","100.0000","81102","PM10 Total 0-10um STP","47900","Washington-Arlington-Alexandria, DC-VA-MD-WV","11","District Of Columbia","001","District of Columbia","38.9218470009224","-77.013178"
"04/10/2016","AQS","110010043","4","7","ug/m3 SC","6","MCMILLAN  NCore-PAMS","1","100.0000","81102","PM10 Total 0-10um STP","47900","Washington-Arlington-Alexandria, DC-VA-MD-WV","11","District Of Columbia","001","District of Columbia","38.9218470009224","-77.013178"
"04/11/2016","AQS","110010043","4","15","ug/m3 SC","14","MCMILLAN  NCore-PAMS","1","100.0000","81102","PM10 Total 0-10um STP","47900","Washington-Arlington-Alexandria, DC-VA-MD-WV","11","District Of Columbia","001","District of Columbia","38.9218470009224","-77.013178"
"04/12/2016","AQS","110010043","4","10","ug/m3 SC","9","MCMILLAN  NCore-PAMS","1","100.0000","81102","PM10 Total 0-10um STP","47900","Washington-Arlington-Alexandria, DC-VA-MD-WV","11","District Of Columbia","001","District of Columbia","38.9218470009224","-77.013178"
"04/13/2016","AQS","110010043","4","13","ug/m3 SC","12","MCMILLAN  NCore-PAMS","1","100.0000","81102","PM10 Total 0-10um STP","47900","Washington-Arlington-Alexandria, DC-VA-MD-WV","11","District Of Columbia","001","District of Columbia","38.9218470009224","-77.013178"
"04/14/2016","AQS","110010043","4","25","ug/m3 SC","23","MCMILLAN  NCore-PAMS","1","100.0000","81102","PM10 Total 0-10um STP","47900","Washington-Arlington-Alexandria, DC-VA-MD-WV","11","District Of Columbia","001","District of Columbia","38.9218470009224","-77.013178"
"04/15/2016","AQS","110010043","4","20","ug/m3 SC","19","MCMILLAN  NCore-PAMS","1","100.0000","81102","PM10 Total 0-10um STP","47900","Washington-Arlington-Alexandria, DC-VA-MD-WV","11","District Of Columbia","001","District of Columbia","38.9218470009224","-77.013178"
"04/16/2016","AQS","110010043","4","22","ug/m3 SC","20","MCMILLAN  NCore-PAMS","1","100.0000","81102","PM10 Total 0-10um STP","47900","Washington-Arlington-Alexandria, DC-VA-MD-WV","11","District Of Columbia","001","District of Columbia","38.9218470009224","-77.013178"
"04/17/2016","AQS","110010043","4","20","ug/m3 SC","19","MCMILLAN  NCore-PAMS","1","100.0000","81102","PM10 Total 0-10um STP","47900","Washington-Arlington-Alexandria, DC-VA-MD-WV","11","District Of Columbia","001","District of Columbia","38.9218470009224","-77.013178"
"04/22/2016","AQS","110010043","4","13","ug/m3 SC","12","MCMILLAN  NCore-PAMS","1","100.0000","81102","PM10 Total 0-10um STP","47900","Washington-Arlington-Alexandria, DC-VA-MD-WV","11","District Of Columbia","001","District of Columbia","38.9218470009224","-77.013178"
"04/23/2016","AQS","110010043","4","10","ug/m3 SC","9","MCMILLAN  NCore-PAMS","1","100.0000","81102","PM10 Total 0-10um STP","47900","Washington-Arlington-Alexandria, DC-VA-MD-WV","11","District Of Columbia","001","District of Columbia","38.9218470009224","-77.013178"
"04/24/2016","AQS","110010043","4","8","ug/m3 SC","7","MCMILLAN  NCore-PAMS","1","100.0000","81102","PM10 Total 0-10um STP","47900","Washington-Arlington-Alexandria, DC-VA-MD-WV","11","District Of Columbia","001","District of Columbia","38.9218470009224","-77.013178"
"04/25/2016","AQS","110010043","4","19","ug/m3 SC","18","MCMILLAN  NCore-PAMS","1","100.0000","81102","PM10 Total 0-10um STP","47900","Washington-Arlington-Alexandria, DC-VA-MD-WV","11","District Of Columbia","001","District of Columbia","38.9218470009224","-77.013178"
"04/26/2016","AQS","110010043","4","25","ug/m3 SC","23","MCMILLAN  NCore-PAMS","1","100.0000","81102","PM10 Total 0-10um STP","47900","Washington-Arlington-Alexandria, DC-VA-MD-WV","11","District Of Columbia","001","District of Columbia","38.9218470009224","-77.013178"
"04/27/2016","AQS","110010043","4","17","ug/m3 SC","16","MCMILLAN  NCore-PAMS","1","100.0000","81102","PM10 Total 0-10um STP","47900","Washington-Arlington-Alexandria, DC-VA-MD-WV","11","District Of Columbia","001","District of Columbia","38.9218470009224","-77.013178"
"04/28/2016","AQS","110010043","4","19","ug/m3 SC","18","MCMILLAN  NCore-PAMS","1","100.0000","81102","PM10 Total 0-10um STP","47900","Washington-Arlington-Alexandria, DC-VA-MD-WV","11","District Of Columbia","001","District of Columbia","38.9218470009224","-77.013178"
"04/29/2016","AQS","110010043","4","15","ug/m3 SC","14","MCMILLAN  NCore-PAMS","1","100.0000","81102","PM10 Total 0-10um STP","47900","Washington-Arlington-Alexandria, DC-VA-MD-WV","11","District Of Columbia","001","District of Columbia","38.9218470009224","-77.013178"
"04/30/2016","AQS","110010043","4","20","ug/m3 SC","19","MCMILLAN  NCore-PAMS","1","100.0000","81102","PM10 Total 0-10um STP","47900","Washington-Arlington-Alexandria, DC-VA-MD-WV","11","District Of Columbia","001","District of Columbia","38.9218470009224","-77.013178"
"05/01/2016","AQS","110010043","4","6","ug/m3 SC","6","MCMILLAN  NCore-PAMS","1","100.0000","81102","PM10 Total 0-10um STP","47900","Washington-Arlington-Alexandria, DC-VA-MD-WV","11","District Of Columbia","001","District of Columbia","38.9218470009224","-77.013178"
"05/02/2016","AQS","110010043","4","11","ug/m3 SC","10","MCMILLAN  NCore-PAMS","1","100.0000","81102","PM10 Total 0-10um STP","47900","Washington-Arlington-Alexandria, DC-VA-MD-WV","11","District Of Columbia","001","District of Columbia","38.9218470009224","-77.013178"
"05/03/2016","AQS","110010043","4","13","ug/m3 SC","12","MCMILLAN  NCore-PAMS","1","100.0000","81102","PM10 Total 0-10um STP","47900","Washington-Arlington-Alexandria, DC-VA-MD-WV","11","District Of Columbia","001","District of Columbia","38.9218470009224","-77.013178"
"05/04/2016","AQS","110010043","4","8","ug/m3 SC","7","MCMILLAN  NCore-PAMS","1","100.0000","81102","PM10 Total 0-10um STP","47900","Washington-Arlington-Alexandria, DC-VA-MD-WV","11","District Of Columbia","001","District of Columbia","38.9218470009224","-77.013178"
"05/05/2016","AQS","110010043","4","9","ug/m3 SC","8","MCMILLAN  NCore-PAMS","1","100.0000","81102","PM10 Total 0-10um STP","47900","Washington-Arlington-Alexandria, DC-VA-MD-WV","11","District Of Columbia","001","District of Columbia","38.9218470009224","-77.013178"
"05/06/2016","AQS","110010043","4","5","ug/m3 SC","5","MCMILLAN  NCore-PAMS","1","100.0000","81102","PM10 Total 0-10um STP","47900","Washington-Arlington-Alexandria, DC-VA-MD-WV","11","District Of Columbia","001","District of Columbia","38.9218470009224","-77.013178"
"05/07/2016","AQS","110010043","4","5","ug/m3 SC","5","MCMILLAN  NCore-PAMS","1","100.0000","81102","PM10 Total 0-10um STP","47900","Washington-Arlington-Alexandria, DC-VA-MD-WV","11","District Of Columbia","001","District of Columbia","38.9218470009224","-77.013178"
"05/08/2016","AQS","110010043","4","12","ug/m3 SC","11","MCMILLAN  NCore-PAMS","1","100.0000","81102","PM10 Total 0-10um STP","47900","Washington-Arlington-Alexandria, DC-VA-MD-WV","11","District Of Columbia","001","District of Columbia","38.9218470009224","-77.013178"
"05/09/2016","AQS","110010043","4","15","ug/m3 SC","14","MCMILLAN  NCore-PAMS","1","100.0000","81102","PM10 Total 0-10um STP","47900","Washington-Arlington-Alexandria, DC-VA-MD-WV","11","District Of Columbia","001","District of Columbia","38.9218470009224","-77.013178"
"05/10/2016","AQS","110010043","4","19","ug/m3 SC","18","MCMILLAN  NCore-PAMS","1","100.0000","81102","PM10 Total 0-10um STP","47900","Washington-Arlington-Alexandria, DC-VA-MD-WV","11","District Of Columbia","001","District of Columbia","38.9218470009224","-77.013178"
"05/11/2016","AQS","110010043","4","16","ug/m3 SC","15","MCMILLAN  NCore-PAMS","1","100.0000","81102","PM10 Total 0-10um STP","47900","Washington-Arlington-Alexandria, DC-VA-MD-WV","11","District Of Columbia","001","District of Columbia","38.9218470009224","-77.013178"
"05/12/2016","AQS","110010043","4","17","ug/m3 SC","16","MCMILLAN  NCore-PAMS","1","100.0000","81102","PM10 Total 0-10um STP","47900","Washington-Arlington-Alexandria, DC-VA-MD-WV","11","District Of Columbia","001","District of Columbia","38.9218470009224","-77.013178"
"05/13/2016","AQS","110010043","4","20","ug/m3 SC","19","MCMILLAN  NCore-PAMS","1","100.0000","81102","PM10 Total 0-10um STP","47900","Washington-Arlington-Alexandria, DC-VA-MD-WV","11","District Of Columbia","001","District of Columbia","38.9218470009224","-77.013178"
"05/14/2016","AQS","110010043","4","15","ug/m3 SC","14","MCMILLAN  NCore-PAMS","1","100.0000","81102","PM10 Total 0-10um STP","47900","Washington-Arlington-Alexandria, DC-VA-MD-WV","11","District Of Columbia","001","District of Columbia","38.9218470009224","-77.013178"
"05/15/2016","AQS","110010043","4","12","ug/m3 SC","11","MCMILLAN  NCore-PAMS","1","100.0000","81102","PM10 Total 0-10um STP","47900","Washington-Arlington-Alexandria, DC-VA-MD-WV","11","District Of Columbia","001","District of Columbia","38.9218470009224","-77.013178"
"05/16/2016","AQS","110010043","4","12","ug/m3 SC","11","MCMILLAN  NCore-PAMS","1","100.0000","81102","PM10 Total 0-10um STP","47900","Washington-Arlington-Alexandria, DC-VA-MD-WV","11","District Of Columbia","001","District of Columbia","38.9218470009224","-77.013178"
"05/17/2016","AQS","110010043","4","14","ug/m3 SC","13","MCMILLAN  NCore-PAMS","1","100.0000","81102","PM10 Total 0-10um STP","47900","Washington-Arlington-Alexandria, DC-VA-MD-WV","11","District Of Columbia","001","District of Columbia","38.9218470009224","-77.013178"
"05/18/2016","AQS","110010043","4","20","ug/m3 SC","19","MCMILLAN  NCore-PAMS","1","100.0000","81102","PM10 Total 0-10um STP","47900","Washington-Arlington-Alexandria, DC-VA-MD-WV","11","District Of Columbia","001","District of Columbia","38.9218470009224","-77.013178"
"05/19/2016","AQS","110010043","4","21","ug/m3 SC","19","MCMILLAN  NCore-PAMS","1","100.0000","81102","PM10 Total 0-10um STP","47900","Washington-Arlington-Alexandria, DC-VA-MD-WV","11","District Of Columbia","001","District of Columbia","38.9218470009224","-77.013178"
"05/20/2016","AQS","110010043","4","22","ug/m3 SC","20","MCMILLAN  NCore-PAMS","1","100.0000","81102","PM10 Total 0-10um STP","47900","Washington-Arlington-Alexandria, DC-VA-MD-WV","11","District Of Columbia","001","District of Columbia","38.9218470009224","-77.013178"
"05/21/2016","AQS","110010043","4","10","ug/m3 SC","9","MCMILLAN  NCore-PAMS","1","100.0000","81102","PM10 Total 0-10um STP","47900","Washington-Arlington-Alexandria, DC-VA-MD-WV","11","District Of Columbia","001","District of Columbia","38.9218470009224","-77.013178"
"05/22/2016","AQS","110010043","4","5","ug/m3 SC","5","MCMILLAN  NCore-PAMS","1","100.0000","81102","PM10 Total 0-10um STP","47900","Washington-Arlington-Alexandria, DC-VA-MD-WV","11","District Of Columbia","001","District of Columbia","38.9218470009224","-77.013178"
"05/23/2016","AQS","110010043","4","14","ug/m3 SC","13","MCMILLAN  NCore-PAMS","1","100.0000","81102","PM10 Total 0-10um STP","47900","Washington-Arlington-Alexandria, DC-VA-MD-WV","11","District Of Columbia","001","District of Columbia","38.9218470009224","-77.013178"
"05/24/2016","AQS","110010043","4","17","ug/m3 SC","16","MCMILLAN  NCore-PAMS","1","100.0000","81102","PM10 Total 0-10um STP","47900","Washington-Arlington-Alexandria, DC-VA-MD-WV","11","District Of Columbia","001","District of Columbia","38.9218470009224","-77.013178"
"05/25/2016","AQS","110010043","4","25","ug/m3 SC","23","MCMILLAN  NCore-PAMS","1","100.0000","81102","PM10 Total 0-10um STP","47900","Washington-Arlington-Alexandria, DC-VA-MD-WV","11","District Of Columbia","001","District of Columbia","38.9218470009224","-77.013178"
"05/26/2016","AQS","110010043","4","34","ug/m3 SC","31","MCMILLAN  NCore-PAMS","1","100.0000","81102","PM10 Total 0-10um STP","47900","Washington-Arlington-Alexandria, DC-VA-MD-WV","11","District Of Columbia","001","District of Columbia","38.9218470009224","-77.013178"
"05/27/2016","AQS","110010043","4","30","ug/m3 SC","28","MCMILLAN  NCore-PAMS","1","100.0000","81102","PM10 Total 0-10um STP","47900","Washington-Arlington-Alexandria, DC-VA-MD-WV","11","District Of Columbia","001","District of Columbia","38.9218470009224","-77.013178"
"05/28/2016","AQS","110010043","4","25","ug/m3 SC","23","MCMILLAN  NCore-PAMS","1","100.0000","81102","PM10 Total 0-10um STP","47900","Washington-Arlington-Alexandria, DC-VA-MD-WV","11","District Of Columbia","001","District of Columbia","38.9218470009224","-77.013178"
"05/29/2016","AQS","110010043","4","12","ug/m3 SC","11","MCMILLAN  NCore-PAMS","1","100.0000","81102","PM10 Total 0-10um STP","47900","Washington-Arlington-Alexandria, DC-VA-MD-WV","11","District Of Columbia","001","District of Columbia","38.9218470009224","-77.013178"
"05/30/2016","AQS","110010043","4","8","ug/m3 SC","7","MCMILLAN  NCore-PAMS","1","100.0000","81102","PM10 Total 0-10um STP","47900","Washington-Arlington-Alexandria, DC-VA-MD-WV","11","District Of Columbia","001","District of Columbia","38.9218470009224","-77.013178"
"05/31/2016","AQS","110010043","4","13","ug/m3 SC","12","MCMILLAN  NCore-PAMS","1","100.0000","81102","PM10 Total 0-10um STP","47900","Washington-Arlington-Alexandria, DC-VA-MD-WV","11","District Of Columbia","001","District of Columbia","38.9218470009224","-77.013178"
"06/01/2016","AQS","110010043","4","20","ug/m3 SC","19","MCMILLAN  NCore-PAMS","1","100.0000","81102","PM10 Total 0-10um STP","47900","Washington-Arlington-Alexandria, DC-VA-MD-WV","11","District Of Columbia","001","District of Columbia","38.9218470009224","-77.013178"
"06/02/2016","AQS","110010043","4","9","ug/m3 SC","8","MCMILLAN  NCore-PAMS","1","100.0000","81102","PM10 Total 0-10um STP","47900","Washington-Arlington-Alexandria, DC-VA-MD-WV","11","District Of Columbia","001","District of Columbia","38.9218470009224","-77.013178"
"06/03/2016","AQS","110010043","4","16","ug/m3 SC","15","MCMILLAN  NCore-PAMS","1","100.0000","81102","PM10 Total 0-10um STP","47900","Washington-Arlington-Alexandria, DC-VA-MD-WV","11","District Of Columbia","001","District of Columbia","38.9218470009224","-77.013178"
"06/04/2016","AQS","110010043","4","12","ug/m3 SC","11","MCMILLAN  NCore-PAMS","1","100.0000","81102","PM10 Total 0-10um STP","47900","Washington-Arlington-Alexandria, DC-VA-MD-WV","11","District Of Columbia","001","District of Columbia","38.9218470009224","-77.013178"
"06/05/2016","AQS","110010043","4","8","ug/m3 SC","7","MCMILLAN  NCore-PAMS","1","100.0000","81102","PM10 Total 0-10um STP","47900","Washington-Arlington-Alexandria, DC-VA-MD-WV","11","District Of Columbia","001","District of Columbia","38.9218470009224","-77.013178"
"06/06/2016","AQS","110010043","4","10","ug/m3 SC","9","MCMILLAN  NCore-PAMS","1","100.0000","81102","PM10 Total 0-10um STP","47900","Washington-Arlington-Alexandria, DC-VA-MD-WV","11","District Of Columbia","001","District of Columbia","38.9218470009224","-77.013178"
"06/07/2016","AQS","110010043","4","19","ug/m3 SC","18","MCMILLAN  NCore-PAMS","1","100.0000","81102","PM10 Total 0-10um STP","47900","Washington-Arlington-Alexandria, DC-VA-MD-WV","11","District Of Columbia","001","District of Columbia","38.9218470009224","-77.013178"
"06/08/2016","AQS","110010043","4","19","ug/m3 SC","18","MCMILLAN  NCore-PAMS","1","100.0000","81102","PM10 Total 0-10um STP","47900","Washington-Arlington-Alexandria, DC-VA-MD-WV","11","District Of Columbia","001","District of Columbia","38.9218470009224","-77.013178"
"06/09/2016","AQS","110010043","4","16","ug/m3 SC","15","MCMILLAN  NCore-PAMS","1","100.0000","81102","PM10 Total 0-10um STP","47900","Washington-Arlington-Alexandria, DC-VA-MD-WV","11","District Of Columbia","001","District of Columbia","38.9218470009224","-77.013178"
"06/10/2016","AQS","110010043","4","19","ug/m3 SC","18","MCMILLAN  NCore-PAMS","1","100.0000","81102","PM10 Total 0-10um STP","47900","Washington-Arlington-Alexandria, DC-VA-MD-WV","11","District Of Columbia","001","District of Columbia","38.9218470009224","-77.013178"
"06/11/2016","AQS","110010043","4","28","ug/m3 SC","26","MCMILLAN  NCore-PAMS","1","100.0000","81102","PM10 Total 0-10um STP","47900","Washington-Arlington-Alexandria, DC-VA-MD-WV","11","District Of Columbia","001","District of Columbia","38.9218470009224","-77.013178"
"06/12/2016","AQS","110010043","4","21","ug/m3 SC","19","MCMILLAN  NCore-PAMS","1","100.0000","81102","PM10 Total 0-10um STP","47900","Washington-Arlington-Alexandria, DC-VA-MD-WV","11","District Of Columbia","001","District of Columbia","38.9218470009224","-77.013178"
"06/13/2016","AQS","110010043","4","17","ug/m3 SC","16","MCMILLAN  NCore-PAMS","1","100.0000","81102","PM10 Total 0-10um STP","47900","Washington-Arlington-Alexandria, DC-VA-MD-WV","11","District Of Columbia","001","District of Columbia","38.9218470009224","-77.013178"
"06/14/2016","AQS","110010043","4","15","ug/m3 SC","14","MCMILLAN  NCore-PAMS","1","100.0000","81102","PM10 Total 0-10um STP","47900","Washington-Arlington-Alexandria, DC-VA-MD-WV","11","District Of Columbia","001","District of Columbia","38.9218470009224","-77.013178"
"06/15/2016","AQS","110010043","4","25","ug/m3 SC","23","MCMILLAN  NCore-PAMS","1","100.0000","81102","PM10 Total 0-10um STP","47900","Washington-Arlington-Alexandria, DC-VA-MD-WV","11","District Of Columbia","001","District of Columbia","38.9218470009224","-77.013178"
"06/16/2016","AQS","110010043","4","20","ug/m3 SC","19","MCMILLAN  NCore-PAMS","1","100.0000","81102","PM10 Total 0-10um STP","47900","Washington-Arlington-Alexandria, DC-VA-MD-WV","11","District Of Columbia","001","District of Columbia","38.9218470009224","-77.013178"
"06/17/2016","AQS","110010043","4","12","ug/m3 SC","11","MCMILLAN  NCore-PAMS","1","100.0000","81102","PM10 Total 0-10um STP","47900","Washington-Arlington-Alexandria, DC-VA-MD-WV","11","District Of Columbia","001","District of Columbia","38.9218470009224","-77.013178"
"06/18/2016","AQS","110010043","4","14","ug/m3 SC","13","MCMILLAN  NCore-PAMS","1","100.0000","81102","PM10 Total 0-10um STP","47900","Washington-Arlington-Alexandria, DC-VA-MD-WV","11","District Of Columbia","001","District of Columbia","38.9218470009224","-77.013178"
"06/19/2016","AQS","110010043","4","13","ug/m3 SC","12","MCMILLAN  NCore-PAMS","1","100.0000","81102","PM10 Total 0-10um STP","47900","Washington-Arlington-Alexandria, DC-VA-MD-WV","11","District Of Columbia","001","District of Columbia","38.9218470009224","-77.013178"
"06/20/2016","AQS","110010043","4","20","ug/m3 SC","19","MCMILLAN  NCore-PAMS","1","100.0000","81102","PM10 Total 0-10um STP","47900","Washington-Arlington-Alexandria, DC-VA-MD-WV","11","District Of Columbia","001","District of Columbia","38.9218470009224","-77.013178"
"06/21/2016","AQS","110010043","4","14","ug/m3 SC","13","MCMILLAN  NCore-PAMS","1","100.0000","81102","PM10 Total 0-10um STP","47900","Washington-Arlington-Alexandria, DC-VA-MD-WV","11","District Of Columbia","001","District of Columbia","38.9218470009224","-77.013178"
"06/22/2016","AQS","110010043","4","17","ug/m3 SC","16","MCMILLAN  NCore-PAMS","1","100.0000","81102","PM10 Total 0-10um STP","47900","Washington-Arlington-Alexandria, DC-VA-MD-WV","11","District Of Columbia","001","District of Columbia","38.9218470009224","-77.013178"
"06/23/2016","AQS","110010043","4","7","ug/m3 SC","6","MCMILLAN  NCore-PAMS","1","100.0000","81102","PM10 Total 0-10um STP","47900","Washington-Arlington-Alexandria, DC-VA-MD-WV","11","District Of Columbia","001","District of Columbia","38.9218470009224","-77.013178"
"06/24/2016","AQS","110010043","4","11","ug/m3 SC","10","MCMILLAN  NCore-PAMS","1","100.0000","81102","PM10 Total 0-10um STP","47900","Washington-Arlington-Alexandria, DC-VA-MD-WV","11","District Of Columbia","001","District of Columbia","38.9218470009224","-77.013178"
"06/25/2016","AQS","110010043","4","14","ug/m3 SC","13","MCMILLAN  NCore-PAMS","1","100.0000","81102","PM10 Total 0-10um STP","47900","Washington-Arlington-Alexandria, DC-VA-MD-WV","11","District Of Columbia","001","District of Columbia","38.9218470009224","-77.013178"
"06/26/2016","AQS","110010043","4","15","ug/m3 SC","14","MCMILLAN  NCore-PAMS","1","100.0000","81102","PM10 Total 0-10um STP","47900","Washington-Arlington-Alexandria, DC-VA-MD-WV","11","District Of Columbia","001","District of Columbia","38.9218470009224","-77.013178"
"06/27/2016","AQS","110010043","4","19","ug/m3 SC","18","MCMILLAN  NCore-PAMS","1","100.0000","81102","PM10 Total 0-10um STP","47900","Washington-Arlington-Alexandria, DC-VA-MD-WV","11","District Of Columbia","001","District of Columbia","38.9218470009224","-77.013178"
"06/28/2016","AQS","110010043","4","15","ug/m3 SC","14","MCMILLAN  NCore-PAMS","1","100.0000","81102","PM10 Total 0-10um STP","47900","Washington-Arlington-Alexandria, DC-VA-MD-WV","11","District Of Columbia","001","District of Columbia","38.9218470009224","-77.013178"
"06/29/2016","AQS","110010043","4","12","ug/m3 SC","11","MCMILLAN  NCore-PAMS","1","100.0000","81102","PM10 Total 0-10um STP","47900","Washington-Arlington-Alexandria, DC-VA-MD-WV","11","District Of Columbia","001","District of Columbia","38.9218470009224","-77.013178"
"06/30/2016","AQS","110010043","4","19","ug/m3 SC","18","MCMILLAN  NCore-PAMS","1","100.0000","81102","PM10 Total 0-10um STP","47900","Washington-Arlington-Alexandria, DC-VA-MD-WV","11","District Of Columbia","001","District of Columbia","38.9218470009224","-77.013178"
"07/01/2016","AQS","110010043","4","15","ug/m3 SC","14","MCMILLAN  NCore-PAMS","1","100.0000","81102","PM10 Total 0-10um STP","47900","Washington-Arlington-Alexandria, DC-VA-MD-WV","11","District Of Columbia","001","District of Columbia","38.9218470009224","-77.013178"
"07/02/2016","AQS","110010043","4","10","ug/m3 SC","9","MCMILLAN  NCore-PAMS","1","100.0000","81102","PM10 Total 0-10um STP","47900","Washington-Arlington-Alexandria, DC-VA-MD-WV","11","District Of Columbia","001","District of Columbia","38.9218470009224","-77.013178"
"07/03/2016","AQS","110010043","4","12","ug/m3 SC","11","MCMILLAN  NCore-PAMS","1","100.0000","81102","PM10 Total 0-10um STP","47900","Washington-Arlington-Alexandria, DC-VA-MD-WV","11","District Of Columbia","001","District of Columbia","38.9218470009224","-77.013178"
"07/04/2016","AQS","110010043","4","13","ug/m3 SC","12","MCMILLAN  NCore-PAMS","1","100.0000","81102","PM10 Total 0-10um STP","47900","Washington-Arlington-Alexandria, DC-VA-MD-WV","11","District Of Columbia","001","District of Columbia","38.9218470009224","-77.013178"
"07/05/2016","AQS","110010043","4","6","ug/m3 SC","6","MCMILLAN  NCore-PAMS","1","100.0000","81102","PM10 Total 0-10um STP","47900","Washington-Arlington-Alexandria, DC-VA-MD-WV","11","District Of Columbia","001","District of Columbia","38.9218470009224","-77.013178"
"07/06/2016","AQS","110010043","4","11","ug/m3 SC","10","MCMILLAN  NCore-PAMS","1","100.0000","81102","PM10 Total 0-10um STP","47900","Washington-Arlington-Alexandria, DC-VA-MD-WV","11","District Of Columbia","001","District of Columbia","38.9218470009224","-77.013178"
"07/07/2016","AQS","110010043","4","12","ug/m3 SC","11","MCMILLAN  NCore-PAMS","1","100.0000","81102","PM10 Total 0-10um STP","47900","Washington-Arlington-Alexandria, DC-VA-MD-WV","11","District Of Columbia","001","District of Columbia","38.9218470009224","-77.013178"
"07/08/2016","AQS","110010043","4","12","ug/m3 SC","11","MCMILLAN  NCore-PAMS","1","100.0000","81102","PM10 Total 0-10um STP","47900","Washington-Arlington-Alexandria, DC-VA-MD-WV","11","District Of Columbia","001","District of Columbia","38.9218470009224","-77.013178"
"07/09/2016","AQS","110010043","4","9","ug/m3 SC","8","MCMILLAN  NCore-PAMS","1","100.0000","81102","PM10 Total 0-10um STP","47900","Washington-Arlington-Alexandria, DC-VA-MD-WV","11","District Of Columbia","001","District of Columbia","38.9218470009224","-77.013178"
"07/10/2016","AQS","110010043","4","9","ug/m3 SC","8","MCMILLAN  NCore-PAMS","1","100.0000","81102","PM10 Total 0-10um STP","47900","Washington-Arlington-Alexandria, DC-VA-MD-WV","11","District Of Columbia","001","District of Columbia","38.9218470009224","-77.013178"
"07/11/2016","AQS","110010043","4","14","ug/m3 SC","13","MCMILLAN  NCore-PAMS","1","100.0000","81102","PM10 Total 0-10um STP","47900","Washington-Arlington-Alexandria, DC-VA-MD-WV","11","District Of Columbia","001","District of Columbia","38.9218470009224","-77.013178"
"07/12/2016","AQS","110010043","4","22","ug/m3 SC","20","MCMILLAN  NCore-PAMS","1","100.0000","81102","PM10 Total 0-10um STP","47900","Washington-Arlington-Alexandria, DC-VA-MD-WV","11","District Of Columbia","001","District of Columbia","38.9218470009224","-77.013178"
"07/13/2016","AQS","110010043","4","13","ug/m3 SC","12","MCMILLAN  NCore-PAMS","1","100.0000","81102","PM10 Total 0-10um STP","47900","Washington-Arlington-Alexandria, DC-VA-MD-WV","11","District Of Columbia","001","District of Columbia","38.9218470009224","-77.013178"
"07/14/2016","AQS","110010043","4","19","ug/m3 SC","18","MCMILLAN  NCore-PAMS","1","100.0000","81102","PM10 Total 0-10um STP","47900","Washington-Arlington-Alexandria, DC-VA-MD-WV","11","District Of Columbia","001","District of Columbia","38.9218470009224","-77.013178"
"07/15/2016","AQS","110010043","4","12","ug/m3 SC","11","MCMILLAN  NCore-PAMS","1","100.0000","81102","PM10 Total 0-10um STP","47900","Washington-Arlington-Alexandria, DC-VA-MD-WV","11","District Of Columbia","001","District of Columbia","38.9218470009224","-77.013178"
"07/16/2016","AQS","110010043","4","14","ug/m3 SC","13","MCMILLAN  NCore-PAMS","1","100.0000","81102","PM10 Total 0-10um STP","47900","Washington-Arlington-Alexandria, DC-VA-MD-WV","11","District Of Columbia","001","District of Columbia","38.9218470009224","-77.013178"
"07/17/2016","AQS","110010043","4","11","ug/m3 SC","10","MCMILLAN  NCore-PAMS","1","100.0000","81102","PM10 Total 0-10um STP","47900","Washington-Arlington-Alexandria, DC-VA-MD-WV","11","District Of Columbia","001","District of Columbia","38.9218470009224","-77.013178"
"07/18/2016","AQS","110010043","4","16","ug/m3 SC","15","MCMILLAN  NCore-PAMS","1","100.0000","81102","PM10 Total 0-10um STP","47900","Washington-Arlington-Alexandria, DC-VA-MD-WV","11","District Of Columbia","001","District of Columbia","38.9218470009224","-77.013178"
"07/19/2016","AQS","110010043","4","15","ug/m3 SC","14","MCMILLAN  NCore-PAMS","1","100.0000","81102","PM10 Total 0-10um STP","47900","Washington-Arlington-Alexandria, DC-VA-MD-WV","11","District Of Columbia","001","District of Columbia","38.9218470009224","-77.013178"
"07/20/2016","AQS","110010043","4","21","ug/m3 SC","19","MCMILLAN  NCore-PAMS","1","100.0000","81102","PM10 Total 0-10um STP","47900","Washington-Arlington-Alexandria, DC-VA-MD-WV","11","District Of Columbia","001","District of Columbia","38.9218470009224","-77.013178"
"07/21/2016","AQS","110010043","4","26","ug/m3 SC","24","MCMILLAN  NCore-PAMS","1","100.0000","81102","PM10 Total 0-10um STP","47900","Washington-Arlington-Alexandria, DC-VA-MD-WV","11","District Of Columbia","001","District of Columbia","38.9218470009224","-77.013178"
"07/22/2016","AQS","110010043","4","21","ug/m3 SC","19","MCMILLAN  NCore-PAMS","1","100.0000","81102","PM10 Total 0-10um STP","47900","Washington-Arlington-Alexandria, DC-VA-MD-WV","11","District Of Columbia","001","District of Columbia","38.9218470009224","-77.013178"
"07/23/2016","AQS","110010043","4","14","ug/m3 SC","13","MCMILLAN  NCore-PAMS","1","100.0000","81102","PM10 Total 0-10um STP","47900","Washington-Arlington-Alexandria, DC-VA-MD-WV","11","District Of Columbia","001","District of Columbia","38.9218470009224","-77.013178"
"07/24/2016","AQS","110010043","4","16","ug/m3 SC","15","MCMILLAN  NCore-PAMS","1","100.0000","81102","PM10 Total 0-10um STP","47900","Washington-Arlington-Alexandria, DC-VA-MD-WV","11","District Of Columbia","001","District of Columbia","38.9218470009224","-77.013178"
"07/25/2016","AQS","110010043","4","21","ug/m3 SC","19","MCMILLAN  NCore-PAMS","1","100.0000","81102","PM10 Total 0-10um STP","47900","Washington-Arlington-Alexandria, DC-VA-MD-WV","11","District Of Columbia","001","District of Columbia","38.9218470009224","-77.013178"
"07/26/2016","AQS","110010043","4","17","ug/m3 SC","16","MCMILLAN  NCore-PAMS","1","100.0000","81102","PM10 Total 0-10um STP","47900","Washington-Arlington-Alexandria, DC-VA-MD-WV","11","District Of Columbia","001","District of Columbia","38.9218470009224","-77.013178"
"07/27/2016","AQS","110010043","4","16","ug/m3 SC","15","MCMILLAN  NCore-PAMS","1","100.0000","81102","PM10 Total 0-10um STP","47900","Washington-Arlington-Alexandria, DC-VA-MD-WV","11","District Of Columbia","001","District of Columbia","38.9218470009224","-77.013178"
"07/28/2016","AQS","110010043","4","16","ug/m3 SC","15","MCMILLAN  NCore-PAMS","1","100.0000","81102","PM10 Total 0-10um STP","47900","Washington-Arlington-Alexandria, DC-VA-MD-WV","11","District Of Columbia","001","District of Columbia","38.9218470009224","-77.013178"
"07/29/2016","AQS","110010043","4","9","ug/m3 SC","8","MCMILLAN  NCore-PAMS","1","100.0000","81102","PM10 Total 0-10um STP","47900","Washington-Arlington-Alexandria, DC-VA-MD-WV","11","District Of Columbia","001","District of Columbia","38.9218470009224","-77.013178"
"07/30/2016","AQS","110010043","4","11","ug/m3 SC","10","MCMILLAN  NCore-PAMS","1","100.0000","81102","PM10 Total 0-10um STP","47900","Washington-Arlington-Alexandria, DC-VA-MD-WV","11","District Of Columbia","001","District of Columbia","38.9218470009224","-77.013178"
"07/31/2016","AQS","110010043","4","8","ug/m3 SC","7","MCMILLAN  NCore-PAMS","1","100.0000","81102","PM10 Total 0-10um STP","47900","Washington-Arlington-Alexandria, DC-VA-MD-WV","11","District Of Columbia","001","District of Columbia","38.9218470009224","-77.013178"
"08/01/2016","AQS","110010043","4","11","ug/m3 SC","10","MCMILLAN  NCore-PAMS","1","100.0000","81102","PM10 Total 0-10um STP","47900","Washington-Arlington-Alexandria, DC-VA-MD-WV","11","District Of Columbia","001","District of Columbia","38.9218470009224","-77.013178"
"08/02/2016","AQS","110010043","4","21","ug/m3 SC","19","MCMILLAN  NCore-PAMS","1","100.0000","81102","PM10 Total 0-10um STP","47900","Washington-Arlington-Alexandria, DC-VA-MD-WV","11","District Of Columbia","001","District of Columbia","38.9218470009224","-77.013178"
"08/03/2016","AQS","110010043","4","21","ug/m3 SC","19","MCMILLAN  NCore-PAMS","1","100.0000","81102","PM10 Total 0-10um STP","47900","Washington-Arlington-Alexandria, DC-VA-MD-WV","11","District Of Columbia","001","District of Columbia","38.9218470009224","-77.013178"
"08/04/2016","AQS","110010043","4","19","ug/m3 SC","18","MCMILLAN  NCore-PAMS","1","100.0000","81102","PM10 Total 0-10um STP","47900","Washington-Arlington-Alexandria, DC-VA-MD-WV","11","District Of Columbia","001","District of Columbia","38.9218470009224","-77.013178"
"08/05/2016","AQS","110010043","4","16","ug/m3 SC","15","MCMILLAN  NCore-PAMS","1","100.0000","81102","PM10 Total 0-10um STP","47900","Washington-Arlington-Alexandria, DC-VA-MD-WV","11","District Of Columbia","001","District of Columbia","38.9218470009224","-77.013178"
"08/06/2016","AQS","110010043","4","10","ug/m3 SC","9","MCMILLAN  NCore-PAMS","1","100.0000","81102","PM10 Total 0-10um STP","47900","Washington-Arlington-Alexandria, DC-VA-MD-WV","11","District Of Columbia","001","District of Columbia","38.9218470009224","-77.013178"
"08/07/2016","AQS","110010043","4","9","ug/m3 SC","8","MCMILLAN  NCore-PAMS","1","100.0000","81102","PM10 Total 0-10um STP","47900","Washington-Arlington-Alexandria, DC-VA-MD-WV","11","District Of Columbia","001","District of Columbia","38.9218470009224","-77.013178"
"08/08/2016","AQS","110010043","4","14","ug/m3 SC","13","MCMILLAN  NCore-PAMS","1","100.0000","81102","PM10 Total 0-10um STP","47900","Washington-Arlington-Alexandria, DC-VA-MD-WV","11","District Of Columbia","001","District of Columbia","38.9218470009224","-77.013178"
"08/09/2016","AQS","110010043","4","16","ug/m3 SC","15","MCMILLAN  NCore-PAMS","1","100.0000","81102","PM10 Total 0-10um STP","47900","Washington-Arlington-Alexandria, DC-VA-MD-WV","11","District Of Columbia","001","District of Columbia","38.9218470009224","-77.013178"
"08/10/2016","AQS","110010043","4","16","ug/m3 SC","15","MCMILLAN  NCore-PAMS","1","100.0000","81102","PM10 Total 0-10um STP","47900","Washington-Arlington-Alexandria, DC-VA-MD-WV","11","District Of Columbia","001","District of Columbia","38.9218470009224","-77.013178"
"08/11/2016","AQS","110010043","4","26","ug/m3 SC","24","MCMILLAN  NCore-PAMS","1","100.0000","81102","PM10 Total 0-10um STP","47900","Washington-Arlington-Alexandria, DC-VA-MD-WV","11","District Of Columbia","001","District of Columbia","38.9218470009224","-77.013178"
"08/12/2016","AQS","110010043","4","21","ug/m3 SC","19","MCMILLAN  NCore-PAMS","1","100.0000","81102","PM10 Total 0-10um STP","47900","Washington-Arlington-Alexandria, DC-VA-MD-WV","11","District Of Columbia","001","District of Columbia","38.9218470009224","-77.013178"
"08/16/2016","AQS","110010043","4","9","ug/m3 SC","8","MCMILLAN  NCore-PAMS","1","100.0000","81102","PM10 Total 0-10um STP","47900","Washington-Arlington-Alexandria, DC-VA-MD-WV","11","District Of Columbia","001","District of Columbia","38.9218470009224","-77.013178"
"08/17/2016","AQS","110010043","4","8","ug/m3 SC","7","MCMILLAN  NCore-PAMS","1","100.0000","81102","PM10 Total 0-10um STP","47900","Washington-Arlington-Alexandria, DC-VA-MD-WV","11","District Of Columbia","001","District of Columbia","38.9218470009224","-77.013178"
"08/18/2016","AQS","110010043","4","9","ug/m3 SC","8","MCMILLAN  NCore-PAMS","1","100.0000","81102","PM10 Total 0-10um STP","47900","Washington-Arlington-Alexandria, DC-VA-MD-WV","11","District Of Columbia","001","District of Columbia","38.9218470009224","-77.013178"
"08/19/2016","AQS","110010043","4","13","ug/m3 SC","12","MCMILLAN  NCore-PAMS","1","100.0000","81102","PM10 Total 0-10um STP","47900","Washington-Arlington-Alexandria, DC-VA-MD-WV","11","District Of Columbia","001","District of Columbia","38.9218470009224","-77.013178"
"08/20/2016","AQS","110010043","4","16","ug/m3 SC","15","MCMILLAN  NCore-PAMS","1","100.0000","81102","PM10 Total 0-10um STP","47900","Washington-Arlington-Alexandria, DC-VA-MD-WV","11","District Of Columbia","001","District of Columbia","38.9218470009224","-77.013178"
"08/21/2016","AQS","110010043","4","5","ug/m3 SC","5","MCMILLAN  NCore-PAMS","1","100.0000","81102","PM10 Total 0-10um STP","47900","Washington-Arlington-Alexandria, DC-VA-MD-WV","11","District Of Columbia","001","District of Columbia","38.9218470009224","-77.013178"
"08/22/2016","AQS","110010043","4","10","ug/m3 SC","9","MCMILLAN  NCore-PAMS","1","100.0000","81102","PM10 Total 0-10um STP","47900","Washington-Arlington-Alexandria, DC-VA-MD-WV","11","District Of Columbia","001","District of Columbia","38.9218470009224","-77.013178"
"08/23/2016","AQS","110010043","4","14","ug/m3 SC","13","MCMILLAN  NCore-PAMS","1","100.0000","81102","PM10 Total 0-10um STP","47900","Washington-Arlington-Alexandria, DC-VA-MD-WV","11","District Of Columbia","001","District of Columbia","38.9218470009224","-77.013178"
"08/24/2016","AQS","110010043","4","16","ug/m3 SC","15","MCMILLAN  NCore-PAMS","1","100.0000","81102","PM10 Total 0-10um STP","47900","Washington-Arlington-Alexandria, DC-VA-MD-WV","11","District Of Columbia","001","District of Columbia","38.9218470009224","-77.013178"
"08/25/2016","AQS","110010043","4","23","ug/m3 SC","21","MCMILLAN  NCore-PAMS","1","100.0000","81102","PM10 Total 0-10um STP","47900","Washington-Arlington-Alexandria, DC-VA-MD-WV","11","District Of Columbia","001","District of Columbia","38.9218470009224","-77.013178"
"08/26/2016","AQS","110010043","4","16","ug/m3 SC","15","MCMILLAN  NCore-PAMS","1","100.0000","81102","PM10 Total 0-10um STP","47900","Washington-Arlington-Alexandria, DC-VA-MD-WV","11","District Of Columbia","001","District of Columbia","38.9218470009224","-77.013178"
"08/27/2016","AQS","110010043","4","21","ug/m3 SC","19","MCMILLAN  NCore-PAMS","1","100.0000","81102","PM10 Total 0-10um STP","47900","Washington-Arlington-Alexandria, DC-VA-MD-WV","11","District Of Columbia","001","District of Columbia","38.9218470009224","-77.013178"
"08/28/2016","AQS","110010043","4","14","ug/m3 SC","13","MCMILLAN  NCore-PAMS","1","100.0000","81102","PM10 Total 0-10um STP","47900","Washington-Arlington-Alexandria, DC-VA-MD-WV","11","District Of Columbia","001","District of Columbia","38.9218470009224","-77.013178"
"08/29/2016","AQS","110010043","4","19","ug/m3 SC","18","MCMILLAN  NCore-PAMS","1","100.0000","81102","PM10 Total 0-10um STP","47900","Washington-Arlington-Alexandria, DC-VA-MD-WV","11","District Of Columbia","001","District of Columbia","38.9218470009224","-77.013178"
"08/30/2016","AQS","110010043","4","24","ug/m3 SC","22","MCMILLAN  NCore-PAMS","1","100.0000","81102","PM10 Total 0-10um STP","47900","Washington-Arlington-Alexandria, DC-VA-MD-WV","11","District Of Columbia","001","District of Columbia","38.9218470009224","-77.013178"
"08/31/2016","AQS","110010043","4","27","ug/m3 SC","25","MCMILLAN  NCore-PAMS","1","100.0000","81102","PM10 Total 0-10um STP","47900","Washington-Arlington-Alexandria, DC-VA-MD-WV","11","District Of Columbia","001","District of Columbia","38.9218470009224","-77.013178"
"09/01/2016","AQS","110010043","4","12","ug/m3 SC","11","MCMILLAN  NCore-PAMS","1","100.0000","81102","PM10 Total 0-10um STP","47900","Washington-Arlington-Alexandria, DC-VA-MD-WV","11","District Of Columbia","001","District of Columbia","38.9218470009224","-77.013178"
"09/02/2016","AQS","110010043","4","13","ug/m3 SC","12","MCMILLAN  NCore-PAMS","1","100.0000","81102","PM10 Total 0-10um STP","47900","Washington-Arlington-Alexandria, DC-VA-MD-WV","11","District Of Columbia","001","District of Columbia","38.9218470009224","-77.013178"
"09/03/2016","AQS","110010043","4","20","ug/m3 SC","19","MCMILLAN  NCore-PAMS","1","100.0000","81102","PM10 Total 0-10um STP","47900","Washington-Arlington-Alexandria, DC-VA-MD-WV","11","District Of Columbia","001","District of Columbia","38.9218470009224","-77.013178"
"09/04/2016","AQS","110010043","4","14","ug/m3 SC","13","MCMILLAN  NCore-PAMS","1","100.0000","81102","PM10 Total 0-10um STP","47900","Washington-Arlington-Alexandria, DC-VA-MD-WV","11","District Of Columbia","001","District of Columbia","38.9218470009224","-77.013178"
"09/05/2016","AQS","110010043","4","16","ug/m3 SC","15","MCMILLAN  NCore-PAMS","1","100.0000","81102","PM10 Total 0-10um STP","47900","Washington-Arlington-Alexandria, DC-VA-MD-WV","11","District Of Columbia","001","District of Columbia","38.9218470009224","-77.013178"
"09/06/2016","AQS","110010043","4","24","ug/m3 SC","22","MCMILLAN  NCore-PAMS","1","100.0000","81102","PM10 Total 0-10um STP","47900","Washington-Arlington-Alexandria, DC-VA-MD-WV","11","District Of Columbia","001","District of Columbia","38.9218470009224","-77.013178"
"09/07/2016","AQS","110010043","4","22","ug/m3 SC","20","MCMILLAN  NCore-PAMS","1","100.0000","81102","PM10 Total 0-10um STP","47900","Washington-Arlington-Alexandria, DC-VA-MD-WV","11","District Of Columbia","001","District of Columbia","38.9218470009224","-77.013178"
"09/08/2016","AQS","110010043","4","17","ug/m3 SC","16","MCMILLAN  NCore-PAMS","1","100.0000","81102","PM10 Total 0-10um STP","47900","Washington-Arlington-Alexandria, DC-VA-MD-WV","11","District Of Columbia","001","District of Columbia","38.9218470009224","-77.013178"
"09/09/2016","AQS","110010043","4","19","ug/m3 SC","18","MCMILLAN  NCore-PAMS","1","100.0000","81102","PM10 Total 0-10um STP","47900","Washington-Arlington-Alexandria, DC-VA-MD-WV","11","District Of Columbia","001","District of Columbia","38.9218470009224","-77.013178"
"09/10/2016","AQS","110010043","4","21","ug/m3 SC","19","MCMILLAN  NCore-PAMS","1","100.0000","81102","PM10 Total 0-10um STP","47900","Washington-Arlington-Alexandria, DC-VA-MD-WV","11","District Of Columbia","001","District of Columbia","38.9218470009224","-77.013178"
"09/11/2016","AQS","110010043","4","12","ug/m3 SC","11","MCMILLAN  NCore-PAMS","1","100.0000","81102","PM10 Total 0-10um STP","47900","Washington-Arlington-Alexandria, DC-VA-MD-WV","11","District Of Columbia","001","District of Columbia","38.9218470009224","-77.013178"
"09/12/2016","AQS","110010043","4","19","ug/m3 SC","18","MCMILLAN  NCore-PAMS","1","100.0000","81102","PM10 Total 0-10um STP","47900","Washington-Arlington-Alexandria, DC-VA-MD-WV","11","District Of Columbia","001","District of Columbia","38.9218470009224","-77.013178"
"09/13/2016","AQS","110010043","4","21","ug/m3 SC","19","MCMILLAN  NCore-PAMS","1","100.0000","81102","PM10 Total 0-10um STP","47900","Washington-Arlington-Alexandria, DC-VA-MD-WV","11","District Of Columbia","001","District of Columbia","38.9218470009224","-77.013178"
"09/14/2016","AQS","110010043","4","18","ug/m3 SC","17","MCMILLAN  NCore-PAMS","1","100.0000","81102","PM10 Total 0-10um STP","47900","Washington-Arlington-Alexandria, DC-VA-MD-WV","11","District Of Columbia","001","District of Columbia","38.9218470009224","-77.013178"
"09/15/2016","AQS","110010043","4","24","ug/m3 SC","22","MCMILLAN  NCore-PAMS","1","100.0000","81102","PM10 Total 0-10um STP","47900","Washington-Arlington-Alexandria, DC-VA-MD-WV","11","District Of Columbia","001","District of Columbia","38.9218470009224","-77.013178"
"09/16/2016","AQS","110010043","4","19","ug/m3 SC","18","MCMILLAN  NCore-PAMS","1","100.0000","81102","PM10 Total 0-10um STP","47900","Washington-Arlington-Alexandria, DC-VA-MD-WV","11","District Of Columbia","001","District of Columbia","38.9218470009224","-77.013178"
"09/17/2016","AQS","110010043","4","18","ug/m3 SC","17","MCMILLAN  NCore-PAMS","1","100.0000","81102","PM10 Total 0-10um STP","47900","Washington-Arlington-Alexandria, DC-VA-MD-WV","11","District Of Columbia","001","District of Columbia","38.9218470009224","-77.013178"
"09/18/2016","AQS","110010043","4","10","ug/m3 SC","9","MCMILLAN  NCore-PAMS","1","100.0000","81102","PM10 Total 0-10um STP","47900","Washington-Arlington-Alexandria, DC-VA-MD-WV","11","District Of Columbia","001","District of Columbia","38.9218470009224","-77.013178"
"09/19/2016","AQS","110010043","4","4","ug/m3 SC","4","MCMILLAN  NCore-PAMS","1","100.0000","81102","PM10 Total 0-10um STP","47900","Washington-Arlington-Alexandria, DC-VA-MD-WV","11","District Of Columbia","001","District of Columbia","38.9218470009224","-77.013178"
"09/20/2016","AQS","110010043","4","18","ug/m3 SC","17","MCMILLAN  NCore-PAMS","1","100.0000","81102","PM10 Total 0-10um STP","47900","Washington-Arlington-Alexandria, DC-VA-MD-WV","11","District Of Columbia","001","District of Columbia","38.9218470009224","-77.013178"
"09/21/2016","AQS","110010043","4","29","ug/m3 SC","27","MCMILLAN  NCore-PAMS","1","100.0000","81102","PM10 Total 0-10um STP","47900","Washington-Arlington-Alexandria, DC-VA-MD-WV","11","District Of Columbia","001","District of Columbia","38.9218470009224","-77.013178"
"09/22/2016","AQS","110010043","4","30","ug/m3 SC","28","MCMILLAN  NCore-PAMS","1","100.0000","81102","PM10 Total 0-10um STP","47900","Washington-Arlington-Alexandria, DC-VA-MD-WV","11","District Of Columbia","001","District of Columbia","38.9218470009224","-77.013178"
"09/23/2016","AQS","110010043","4","26","ug/m3 SC","24","MCMILLAN  NCore-PAMS","1","100.0000","81102","PM10 Total 0-10um STP","47900","Washington-Arlington-Alexandria, DC-VA-MD-WV","11","District Of Columbia","001","District of Columbia","38.9218470009224","-77.013178"
"09/24/2016","AQS","110010043","4","22","ug/m3 SC","20","MCMILLAN  NCore-PAMS","1","100.0000","81102","PM10 Total 0-10um STP","47900","Washington-Arlington-Alexandria, DC-VA-MD-WV","11","District Of Columbia","001","District of Columbia","38.9218470009224","-77.013178"
"09/25/2016","AQS","110010043","4","12","ug/m3 SC","11","MCMILLAN  NCore-PAMS","1","100.0000","81102","PM10 Total 0-10um STP","47900","Washington-Arlington-Alexandria, DC-VA-MD-WV","11","District Of Columbia","001","District of Columbia","38.9218470009224","-77.013178"
"09/26/2016","AQS","110010043","4","19","ug/m3 SC","18","MCMILLAN  NCore-PAMS","1","100.0000","81102","PM10 Total 0-10um STP","47900","Washington-Arlington-Alexandria, DC-VA-MD-WV","11","District Of Columbia","001","District of Columbia","38.9218470009224","-77.013178"
"10/14/2016","AQS","110010043","4","15","ug/m3 SC","14","MCMILLAN  NCore-PAMS","1","100.0000","81102","PM10 Total 0-10um STP","47900","Washington-Arlington-Alexandria, DC-VA-MD-WV","11","District Of Columbia","001","District of Columbia","38.9218470009224","-77.013178"
"10/15/2016","AQS","110010043","4","25","ug/m3 SC","23","MCMILLAN  NCore-PAMS","1","100.0000","81102","PM10 Total 0-10um STP","47900","Washington-Arlington-Alexandria, DC-VA-MD-WV","11","District Of Columbia","001","District of Columbia","38.9218470009224","-77.013178"
"10/16/2016","AQS","110010043","4","18","ug/m3 SC","17","MCMILLAN  NCore-PAMS","1","100.0000","81102","PM10 Total 0-10um STP","47900","Washington-Arlington-Alexandria, DC-VA-MD-WV","11","District Of Columbia","001","District of Columbia","38.9218470009224","-77.013178"
"10/17/2016","AQS","110010043","4","26","ug/m3 SC","24","MCMILLAN  NCore-PAMS","1","100.0000","81102","PM10 Total 0-10um STP","47900","Washington-Arlington-Alexandria, DC-VA-MD-WV","11","District Of Columbia","001","District of Columbia","38.9218470009224","-77.013178"
"10/18/2016","AQS","110010043","4","26","ug/m3 SC","24","MCMILLAN  NCore-PAMS","1","100.0000","81102","PM10 Total 0-10um STP","47900","Washington-Arlington-Alexandria, DC-VA-MD-WV","11","District Of Columbia","001","District of Columbia","38.9218470009224","-77.013178"
"10/19/2016","AQS","110010043","4","30","ug/m3 SC","28","MCMILLAN  NCore-PAMS","1","100.0000","81102","PM10 Total 0-10um STP","47900","Washington-Arlington-Alexandria, DC-VA-MD-WV","11","District Of Columbia","001","District of Columbia","38.9218470009224","-77.013178"
"10/20/2016","AQS","110010043","4","35","ug/m3 SC","32","MCMILLAN  NCore-PAMS","1","100.0000","81102","PM10 Total 0-10um STP","47900","Washington-Arlington-Alexandria, DC-VA-MD-WV","11","District Of Columbia","001","District of Columbia","38.9218470009224","-77.013178"
"10/21/2016","AQS","110010043","4","11","ug/m3 SC","10","MCMILLAN  NCore-PAMS","1","100.0000","81102","PM10 Total 0-10um STP","47900","Washington-Arlington-Alexandria, DC-VA-MD-WV","11","District Of Columbia","001","District of Columbia","38.9218470009224","-77.013178"
"10/22/2016","AQS","110010043","4","11","ug/m3 SC","10","MCMILLAN  NCore-PAMS","1","100.0000","81102","PM10 Total 0-10um STP","47900","Washington-Arlington-Alexandria, DC-VA-MD-WV","11","District Of Columbia","001","District of Columbia","38.9218470009224","-77.013178"
"10/23/2016","AQS","110010043","4","16","ug/m3 SC","15","MCMILLAN  NCore-PAMS","1","100.0000","81102","PM10 Total 0-10um STP","47900","Washington-Arlington-Alexandria, DC-VA-MD-WV","11","District Of Columbia","001","District of Columbia","38.9218470009224","-77.013178"
"10/24/2016","AQS","110010043","4","19","ug/m3 SC","18","MCMILLAN  NCore-PAMS","1","100.0000","81102","PM10 Total 0-10um STP","47900","Washington-Arlington-Alexandria, DC-VA-MD-WV","11","District Of Columbia","001","District of Columbia","38.9218470009224","-77.013178"
"10/25/2016","AQS","110010043","4","14","ug/m3 SC","13","MCMILLAN  NCore-PAMS","1","100.0000","81102","PM10 Total 0-10um STP","47900","Washington-Arlington-Alexandria, DC-VA-MD-WV","11","District Of Columbia","001","District of Columbia","38.9218470009224","-77.013178"
"10/26/2016","AQS","110010043","4","20","ug/m3 SC","19","MCMILLAN  NCore-PAMS","1","100.0000","81102","PM10 Total 0-10um STP","47900","Washington-Arlington-Alexandria, DC-VA-MD-WV","11","District Of Columbia","001","District of Columbia","38.9218470009224","-77.013178"
"10/27/2016","AQS","110010043","4","23","ug/m3 SC","21","MCMILLAN  NCore-PAMS","1","100.0000","81102","PM10 Total 0-10um STP","47900","Washington-Arlington-Alexandria, DC-VA-MD-WV","11","District Of Columbia","001","District of Columbia","38.9218470009224","-77.013178"
"10/28/2016","AQS","110010043","4","16","ug/m3 SC","15","MCMILLAN  NCore-PAMS","1","100.0000","81102","PM10 Total 0-10um STP","47900","Washington-Arlington-Alexandria, DC-VA-MD-WV","11","District Of Columbia","001","District of Columbia","38.9218470009224","-77.013178"
"10/29/2016","AQS","110010043","4","26","ug/m3 SC","24","MCMILLAN  NCore-PAMS","1","100.0000","81102","PM10 Total 0-10um STP","47900","Washington-Arlington-Alexandria, DC-VA-MD-WV","11","District Of Columbia","001","District of Columbia","38.9218470009224","-77.013178"
"10/30/2016","AQS","110010043","4","22","ug/m3 SC","20","MCMILLAN  NCore-PAMS","1","100.0000","81102","PM10 Total 0-10um STP","47900","Washington-Arlington-Alexandria, DC-VA-MD-WV","11","District Of Columbia","001","District of Columbia","38.9218470009224","-77.013178"
"10/31/2016","AQS","110010043","4","11","ug/m3 SC","10","MCMILLAN  NCore-PAMS","1","100.0000","81102","PM10 Total 0-10um STP","47900","Washington-Arlington-Alexandria, DC-VA-MD-WV","11","District Of Columbia","001","District of Columbia","38.9218470009224","-77.013178"
"11/01/2016","AQS","110010043","4","25","ug/m3 SC","23","MCMILLAN  NCore-PAMS","1","100.0000","81102","PM10 Total 0-10um STP","47900","Washington-Arlington-Alexandria, DC-VA-MD-WV","11","District Of Columbia","001","District of Columbia","38.9218470009224","-77.013178"
"11/02/2016","AQS","110010043","4","32","ug/m3 SC","30","MCMILLAN  NCore-PAMS","1","100.0000","81102","PM10 Total 0-10um STP","47900","Washington-Arlington-Alexandria, DC-VA-MD-WV","11","District Of Columbia","001","District of Columbia","38.9218470009224","-77.013178"
"11/03/2016","AQS","110010043","4","31","ug/m3 SC","29","MCMILLAN  NCore-PAMS","1","100.0000","81102","PM10 Total 0-10um STP","47900","Washington-Arlington-Alexandria, DC-VA-MD-WV","11","District Of Columbia","001","District of Columbia","38.9218470009224","-77.013178"
"11/04/2016","AQS","110010043","4","13","ug/m3 SC","12","MCMILLAN  NCore-PAMS","1","100.0000","81102","PM10 Total 0-10um STP","47900","Washington-Arlington-Alexandria, DC-VA-MD-WV","11","District Of Columbia","001","District of Columbia","38.9218470009224","-77.013178"
"11/05/2016","AQS","110010043","4","15","ug/m3 SC","14","MCMILLAN  NCore-PAMS","1","100.0000","81102","PM10 Total 0-10um STP","47900","Washington-Arlington-Alexandria, DC-VA-MD-WV","11","District Of Columbia","001","District of Columbia","38.9218470009224","-77.013178"
"11/06/2016","AQS","110010043","4","14","ug/m3 SC","13","MCMILLAN  NCore-PAMS","1","100.0000","81102","PM10 Total 0-10um STP","47900","Washington-Arlington-Alexandria, DC-VA-MD-WV","11","District Of Columbia","001","District of Columbia","38.9218470009224","-77.013178"
"11/07/2016","AQS","110010043","4","27","ug/m3 SC","25","MCMILLAN  NCore-PAMS","1","100.0000","81102","PM10 Total 0-10um STP","47900","Washington-Arlington-Alexandria, DC-VA-MD-WV","11","District Of Columbia","001","District of Columbia","38.9218470009224","-77.013178"
"11/08/2016","AQS","110010043","4","30","ug/m3 SC","28","MCMILLAN  NCore-PAMS","1","100.0000","81102","PM10 Total 0-10um STP","47900","Washington-Arlington-Alexandria, DC-VA-MD-WV","11","District Of Columbia","001","District of Columbia","38.9218470009224","-77.013178"
"11/09/2016","AQS","110010043","4","16","ug/m3 SC","15","MCMILLAN  NCore-PAMS","1","100.0000","81102","PM10 Total 0-10um STP","47900","Washington-Arlington-Alexandria, DC-VA-MD-WV","11","District Of Columbia","001","District of Columbia","38.9218470009224","-77.013178"
"11/10/2016","AQS","110010043","4","13","ug/m3 SC","12","MCMILLAN  NCore-PAMS","1","100.0000","81102","PM10 Total 0-10um STP","47900","Washington-Arlington-Alexandria, DC-VA-MD-WV","11","District Of Columbia","001","District of Columbia","38.9218470009224","-77.013178"
"11/11/2016","AQS","110010043","4","14","ug/m3 SC","13","MCMILLAN  NCore-PAMS","1","100.0000","81102","PM10 Total 0-10um STP","47900","Washington-Arlington-Alexandria, DC-VA-MD-WV","11","District Of Columbia","001","District of Columbia","38.9218470009224","-77.013178"
"11/12/2016","AQS","110010043","4","15","ug/m3 SC","14","MCMILLAN  NCore-PAMS","1","100.0000","81102","PM10 Total 0-10um STP","47900","Washington-Arlington-Alexandria, DC-VA-MD-WV","11","District Of Columbia","001","District of Columbia","38.9218470009224","-77.013178"
"11/13/2016","AQS","110010043","4","20","ug/m3 SC","19","MCMILLAN  NCore-PAMS","1","100.0000","81102","PM10 Total 0-10um STP","47900","Washington-Arlington-Alexandria, DC-VA-MD-WV","11","District Of Columbia","001","District of Columbia","38.9218470009224","-77.013178"
"11/14/2016","AQS","110010043","4","35","ug/m3 SC","32","MCMILLAN  NCore-PAMS","1","100.0000","81102","PM10 Total 0-10um STP","47900","Washington-Arlington-Alexandria, DC-VA-MD-WV","11","District Of Columbia","001","District of Columbia","38.9218470009224","-77.013178"
"11/17/2016","AQS","110010043","4","25","ug/m3 SC","23","MCMILLAN  NCore-PAMS","1","100.0000","81102","PM10 Total 0-10um STP","47900","Washington-Arlington-Alexandria, DC-VA-MD-WV","11","District Of Columbia","001","District of Columbia","38.9218470009224","-77.013178"
"11/18/2016","AQS","110010043","4","37","ug/m3 SC","34","MCMILLAN  NCore-PAMS","1","100.0000","81102","PM10 Total 0-10um STP","47900","Washington-Arlington-Alexandria, DC-VA-MD-WV","11","District Of Columbia","001","District of Columbia","38.9218470009224","-77.013178"
"11/19/2016","AQS","110010043","4","34","ug/m3 SC","31","MCMILLAN  NCore-PAMS","1","100.0000","81102","PM10 Total 0-10um STP","47900","Washington-Arlington-Alexandria, DC-VA-MD-WV","11","District Of Columbia","001","District of Columbia","38.9218470009224","-77.013178"
"11/20/2016","AQS","110010043","4","12","ug/m3 SC","11","MCMILLAN  NCore-PAMS","1","100.0000","81102","PM10 Total 0-10um STP","47900","Washington-Arlington-Alexandria, DC-VA-MD-WV","11","District Of Columbia","001","District of Columbia","38.9218470009224","-77.013178"
"11/21/2016","AQS","110010043","4","12","ug/m3 SC","11","MCMILLAN  NCore-PAMS","1","100.0000","81102","PM10 Total 0-10um STP","47900","Washington-Arlington-Alexandria, DC-VA-MD-WV","11","District Of Columbia","001","District of Columbia","38.9218470009224","-77.013178"
"11/22/2016","AQS","110010043","4","15","ug/m3 SC","14","MCMILLAN  NCore-PAMS","1","100.0000","81102","PM10 Total 0-10um STP","47900","Washington-Arlington-Alexandria, DC-VA-MD-WV","11","District Of Columbia","001","District of Columbia","38.9218470009224","-77.013178"
"11/23/2016","AQS","110010043","4","29","ug/m3 SC","27","MCMILLAN  NCore-PAMS","1","100.0000","81102","PM10 Total 0-10um STP","47900","Washington-Arlington-Alexandria, DC-VA-MD-WV","11","District Of Columbia","001","District of Columbia","38.9218470009224","-77.013178"
"11/24/2016","AQS","110010043","4","37","ug/m3 SC","34","MCMILLAN  NCore-PAMS","1","100.0000","81102","PM10 Total 0-10um STP","47900","Washington-Arlington-Alexandria, DC-VA-MD-WV","11","District Of Columbia","001","District of Columbia","38.9218470009224","-77.013178"
"11/25/2016","AQS","110010043","4","46","ug/m3 SC","43","MCMILLAN  NCore-PAMS","1","100.0000","81102","PM10 Total 0-10um STP","47900","Washington-Arlington-Alexandria, DC-VA-MD-WV","11","District Of Columbia","001","District of Columbia","38.9218470009224","-77.013178"
"11/26/2016","AQS","110010043","4","20","ug/m3 SC","19","MCMILLAN  NCore-PAMS","1","100.0000","81102","PM10 Total 0-10um STP","47900","Washington-Arlington-Alexandria, DC-VA-MD-WV","11","District Of Columbia","001","District of Columbia","38.9218470009224","-77.013178"
"11/27/2016","AQS","110010043","4","19","ug/m3 SC","18","MCMILLAN  NCore-PAMS","1","100.0000","81102","PM10 Total 0-10um STP","47900","Washington-Arlington-Alexandria, DC-VA-MD-WV","11","District Of Columbia","001","District of Columbia","38.9218470009224","-77.013178"
"11/28/2016","AQS","110010043","4","35","ug/m3 SC","32","MCMILLAN  NCore-PAMS","1","100.0000","81102","PM10 Total 0-10um STP","47900","Washington-Arlington-Alexandria, DC-VA-MD-WV","11","District Of Columbia","001","District of Columbia","38.9218470009224","-77.013178"
"11/29/2016","AQS","110010043","4","20","ug/m3 SC","19","MCMILLAN  NCore-PAMS","1","100.0000","81102","PM10 Total 0-10um STP","47900","Washington-Arlington-Alexandria, DC-VA-MD-WV","11","District Of Columbia","001","District of Columbia","38.9218470009224","-77.013178"
"11/30/2016","AQS","110010043","4","19","ug/m3 SC","18","MCMILLAN  NCore-PAMS","1","100.0000","81102","PM10 Total 0-10um STP","47900","Washington-Arlington-Alexandria, DC-VA-MD-WV","11","District Of Columbia","001","District of Columbia","38.9218470009224","-77.013178"
"12/01/2016","AQS","110010043","4","11","ug/m3 SC","10","MCMILLAN  NCore-PAMS","1","100.0000","81102","PM10 Total 0-10um STP","47900","Washington-Arlington-Alexandria, DC-VA-MD-WV","11","District Of Columbia","001","District of Columbia","38.9218470009224","-77.013178"
"12/02/2016","AQS","110010043","4","15","ug/m3 SC","14","MCMILLAN  NCore-PAMS","1","100.0000","81102","PM10 Total 0-10um STP","47900","Washington-Arlington-Alexandria, DC-VA-MD-WV","11","District Of Columbia","001","District of Columbia","38.9218470009224","-77.013178"
"12/03/2016","AQS","110010043","4","14","ug/m3 SC","13","MCMILLAN  NCore-PAMS","1","100.0000","81102","PM10 Total 0-10um STP","47900","Washington-Arlington-Alexandria, DC-VA-MD-WV","11","District Of Columbia","001","District of Columbia","38.9218470009224","-77.013178"
"12/04/2016","AQS","110010043","4","17","ug/m3 SC","16","MCMILLAN  NCore-PAMS","1","100.0000","81102","PM10 Total 0-10um STP","47900","Washington-Arlington-Alexandria, DC-VA-MD-WV","11","District Of Columbia","001","District of Columbia","38.9218470009224","-77.013178"
"12/05/2016","AQS","110010043","4","13","ug/m3 SC","12","MCMILLAN  NCore-PAMS","1","100.0000","81102","PM10 Total 0-10um STP","47900","Washington-Arlington-Alexandria, DC-VA-MD-WV","11","District Of Columbia","001","District of Columbia","38.9218470009224","-77.013178"
"12/06/2016","AQS","110010043","4","15","ug/m3 SC","14","MCMILLAN  NCore-PAMS","1","100.0000","81102","PM10 Total 0-10um STP","47900","Washington-Arlington-Alexandria, DC-VA-MD-WV","11","District Of Columbia","001","District of Columbia","38.9218470009224","-77.013178"
"12/07/2016","AQS","110010043","4","21","ug/m3 SC","19","MCMILLAN  NCore-PAMS","1","100.0000","81102","PM10 Total 0-10um STP","47900","Washington-Arlington-Alexandria, DC-VA-MD-WV","11","District Of Columbia","001","District of Columbia","38.9218470009224","-77.013178"
"12/08/2016","AQS","110010043","4","19","ug/m3 SC","18","MCMILLAN  NCore-PAMS","1","100.0000","81102","PM10 Total 0-10um STP","47900","Washington-Arlington-Alexandria, DC-VA-MD-WV","11","District Of Columbia","001","District of Columbia","38.9218470009224","-77.013178"
"12/09/2016","AQS","110010043","4","15","ug/m3 SC","14","MCMILLAN  NCore-PAMS","1","100.0000","81102","PM10 Total 0-10um STP","47900","Washington-Arlington-Alexandria, DC-VA-MD-WV","11","District Of Columbia","001","District of Columbia","38.9218470009224","-77.013178"
"12/10/2016","AQS","110010043","4","16","ug/m3 SC","15","MCMILLAN  NCore-PAMS","1","100.0000","81102","PM10 Total 0-10um STP","47900","Washington-Arlington-Alexandria, DC-VA-MD-WV","11","District Of Columbia","001","District of Columbia","38.9218470009224","-77.013178"
"12/11/2016","AQS","110010043","4","21","ug/m3 SC","19","MCMILLAN  NCore-PAMS","1","100.0000","81102","PM10 Total 0-10um STP","47900","Washington-Arlington-Alexandria, DC-VA-MD-WV","11","District Of Columbia","001","District of Columbia","38.9218470009224","-77.013178"
"12/12/2016","AQS","110010043","4","16","ug/m3 SC","15","MCMILLAN  NCore-PAMS","1","100.0000","81102","PM10 Total 0-10um STP","47900","Washington-Arlington-Alexandria, DC-VA-MD-WV","11","District Of Columbia","001","District of Columbia","38.9218470009224","-77.013178"
"12/13/2016","AQS","110010043","4","24","ug/m3 SC","22","MCMILLAN  NCore-PAMS","1","100.0000","81102","PM10 Total 0-10um STP","47900","Washington-Arlington-Alexandria, DC-VA-MD-WV","11","District Of Columbia","001","District of Columbia","38.9218470009224","-77.013178"
"12/14/2016","AQS","110010043","4","20","ug/m3 SC","19","MCMILLAN  NCore-PAMS","1","100.0000","81102","PM10 Total 0-10um STP","47900","Washington-Arlington-Alexandria, DC-VA-MD-WV","11","District Of Columbia","001","District of Columbia","38.9218470009224","-77.013178"
"12/15/2016","AQS","110010043","4","21","ug/m3 SC","19","MCMILLAN  NCore-PAMS","1","100.0000","81102","PM10 Total 0-10um STP","47900","Washington-Arlington-Alexandria, DC-VA-MD-WV","11","District Of Columbia","001","District of Columbia","38.9218470009224","-77.013178"
"12/16/2016","AQS","110010043","4","17","ug/m3 SC","16","MCMILLAN  NCore-PAMS","1","100.0000","81102","PM10 Total 0-10um STP","47900","Washington-Arlington-Alexandria, DC-VA-MD-WV","11","District Of Columbia","001","District of Columbia","38.9218470009224","-77.013178"
"12/17/2016","AQS","110010043","4","24","ug/m3 SC","22","MCMILLAN  NCore-PAMS","1","100.0000","81102","PM10 Total 0-10um STP","47900","Washington-Arlington-Alexandria, DC-VA-MD-WV","11","District Of Columbia","001","District of Columbia","38.9218470009224","-77.013178"
"12/18/2016","AQS","110010043","4","17","ug/m3 SC","16","MCMILLAN  NCore-PAMS","1","100.0000","81102","PM10 Total 0-10um STP","47900","Washington-Arlington-Alexandria, DC-VA-MD-WV","11","District Of Columbia","001","District of Columbia","38.9218470009224","-77.013178"
"12/20/2016","AQS","110010043","4","26","ug/m3 SC","24","MCMILLAN  NCore-PAMS","1","100.0000","81102","PM10 Total 0-10um STP","47900","Washington-Arlington-Alexandria, DC-VA-MD-WV","11","District Of Columbia","001","District of Columbia","38.9218470009224","-77.013178"
"12/21/2016","AQS","110010043","4","30","ug/m3 SC","28","MCMILLAN  NCore-PAMS","1","100.0000","81102","PM10 Total 0-10um STP","47900","Washington-Arlington-Alexandria, DC-VA-MD-WV","11","District Of Columbia","001","District of Columbia","38.9218470009224","-77.013178"
"12/22/2016","AQS","110010043","4","22","ug/m3 SC","20","MCMILLAN  NCore-PAMS","1","100.0000","81102","PM10 Total 0-10um STP","47900","Washington-Arlington-Alexandria, DC-VA-MD-WV","11","District Of Columbia","001","District of Columbia","38.9218470009224","-77.013178"
"12/23/2016","AQS","110010043","4","25","ug/m3 SC","23","MCMILLAN  NCore-PAMS","1","100.0000","81102","PM10 Total 0-10um STP","47900","Washington-Arlington-Alexandria, DC-VA-MD-WV","11","District Of Columbia","001","District of Columbia","38.9218470009224","-77.013178"
"12/24/2016","AQS","110010043","4","23","ug/m3 SC","21","MCMILLAN  NCore-PAMS","1","100.0000","81102","PM10 Total 0-10um STP","47900","Washington-Arlington-Alexandria, DC-VA-MD-WV","11","District Of Columbia","001","District of Columbia","38.9218470009224","-77.013178"
"12/25/2016","AQS","110010043","4","17","ug/m3 SC","16","MCMILLAN  NCore-PAMS","1","100.0000","81102","PM10 Total 0-10um STP","47900","Washington-Arlington-Alexandria, DC-VA-MD-WV","11","District Of Columbia","001","District of Columbia","38.9218470009224","-77.013178"
"12/26/2016","AQS","110010043","4","25","ug/m3 SC","23","MCMILLAN  NCore-PAMS","1","100.0000","81102","PM10 Total 0-10um STP","47900","Washington-Arlington-Alexandria, DC-VA-MD-WV","11","District Of Columbia","001","District of Columbia","38.9218470009224","-77.013178"
"12/29/2016","AQS","110010043","4","11","ug/m3 SC","10","MCMILLAN  NCore-PAMS","1","100.0000","81102","PM10 Total 0-10um STP","47900","Washington-Arlington-Alexandria, DC-VA-MD-WV","11","District Of Columbia","001","District of Columbia","38.9218470009224","-77.013178"
"12/30/2016","AQS","110010043","4","9","ug/m3 SC","8","MCMILLAN  NCore-PAMS","1","100.0000","81102","PM10 Total 0-10um STP","47900","Washington-Arlington-Alexandria, DC-VA-MD-WV","11","District Of Columbia","001","District of Columbia","38.9218470009224","-77.013178"
"12/31/2016","AQS","110010043","4","12","ug/m3 SC","11","MCMILLAN  NCore-PAMS","1","100.0000","81102","PM10 Total 0-10um STP","47900","Washington-Arlington-Alexandria, DC-VA-MD-WV","11","District Of Columbia","001","District of Columbia","38.9218470009224","-77.013178"
